,raceId,year,round,circuitId,name,date,time,fp1_date,fp1_time,fp2_date,fp2_time,fp3_date,fp3_time,quali_date,quali_time,sprint_date,sprint_time
0,1,2009,1,1,Australian Grand Prix,2009-03-29,,,,,,,,,,,
1,2,2009,2,2,Malaysian Grand Prix,2009-04-05,,,,,,,,,,,
2,3,2009,3,17,Chinese Grand Prix,2009-04-19,,,,,,,,,,,
3,4,2009,4,3,Bahrain Grand Prix,2009-04-26,,,,,,,,,,,
4,5,2009,5,4,Spanish Grand Prix,2009-05-10,,,,,,,,,,,
5,6,2009,6,6,Monaco Grand Prix,2009-05-24,,,,,,,,,,,
6,7,2009,7,5,Turkish Grand Prix,2009-06-07,,,,,,,,,,,
7,8,2009,8,9,British Grand Prix,2009-06-21,,,,,,,,,,,
8,9,2009,9,20,German Grand Prix,2009-07-12,,,,,,,,,,,
9,10,2009,10,11,Hungarian Grand Prix,2009-07-26,,,,,,,,,,,
10,11,2009,11,12,European Grand Prix,2009-08-23,,,,,,,,,,,
11,12,2009,12,13,Belgian Grand Prix,2009-08-30,,,,,,,,,,,
12,13,2009,13,14,Italian Grand Prix,2009-09-13,,,,,,,,,,,
13,14,2009,14,15,Singapore Grand Prix,2009-09-27,,,,,,,,,,,
14,15,2009,15,22,Japanese Grand Prix,2009-10-04,,,,,,,,,,,
15,16,2009,16,18,Brazilian Grand Prix,2009-10-18,,,,,,,,,,,
16,17,2009,17,24,Abu Dhabi Grand Prix,2009-11-01,,,,,,,,,,,
17,18,2008,1,1,Australian Grand Prix,2008-03-16,,,,,,,,,,,
18,19,2008,2,2,Malaysian Grand Prix,2008-03-23,,,,,,,,,,,
19,20,2008,3,3,Bahrain Grand Prix,2008-04-06,,,,,,,,,,,
20,21,2008,4,4,Spanish Grand Prix,2008-04-27,,,,,,,,,,,
21,22,2008,5,5,Turkish Grand Prix,2008-05-11,,,,,,,,,,,
22,23,2008,6,6,Monaco Grand Prix,2008-05-25,,,,,,,,,,,
23,24,2008,7,7,Canadian Grand Prix,2008-06-08,,,,,,,,,,,
24,25,2008,8,8,French Grand Prix,2008-06-22,,,,,,,,,,,
25,26,2008,9,9,British Grand Prix,2008-07-06,,,,,,,,,,,
26,27,2008,10,10,German Grand Prix,2008-07-20,,,,,,,,,,,
27,28,2008,11,11,Hungarian Grand Prix,2008-08-03,,,,,,,,,,,
28,29,2008,12,12,European Grand Prix,2008-08-24,,,,,,,,,,,
29,30,2008,13,13,Belgian Grand Prix,2008-09-07,,,,,,,,,,,
30,31,2008,14,14,Italian Grand Prix,2008-09-14,,,,,,,,,,,
31,32,2008,15,15,Singapore Grand Prix,2008-09-28,,,,,,,,,,,
32,33,2008,16,16,Japanese Grand Prix,2008-10-12,,,,,,,,,,,
33,34,2008,17,17,Chinese Grand Prix,2008-10-19,,,,,,,,,,,
34,35,2008,18,18,Brazilian Grand Prix,2008-11-02,,,,,,,,,,,
35,36,2007,1,1,Australian Grand Prix,2007-03-18,,,,,,,,,,,
36,37,2007,2,2,Malaysian Grand Prix,2007-04-08,,,,,,,,,,,
37,38,2007,3,3,Bahrain Grand Prix,2007-04-15,,,,,,,,,,,
38,39,2007,4,4,Spanish Grand Prix,2007-05-13,,,,,,,,,,,
39,40,2007,5,6,Monaco Grand Prix,2007-05-27,,,,,,,,,,,
40,41,2007,6,7,Canadian Grand Prix,2007-06-10,,,,,,,,,,,
41,42,2007,7,19,United States Grand Prix,2007-06-17,,,,,,,,,,,
42,43,2007,8,8,French Grand Prix,2007-07-01,,,,,,,,,,,
43,44,2007,9,9,British Grand Prix,2007-07-08,,,,,,,,,,,
44,45,2007,10,20,European Grand Prix,2007-07-22,,,,,,,,,,,
45,46,2007,11,11,Hungarian Grand Prix,2007-08-05,,,,,,,,,,,
46,47,2007,12,5,Turkish Grand Prix,2007-08-26,,,,,,,,,,,
47,48,2007,13,14,Italian Grand Prix,2007-09-09,,,,,,,,,,,
48,49,2007,14,13,Belgian Grand Prix,2007-09-16,,,,,,,,,,,
49,50,2007,15,16,Japanese Grand Prix,2007-09-30,,,,,,,,,,,
50,51,2007,16,17,Chinese Grand Prix,2007-10-07,,,,,,,,,,,
51,52,2007,17,18,Brazilian Grand Prix,2007-10-21,,,,,,,,,,,
52,53,2006,1,3,Bahrain Grand Prix,2006-03-12,,,,,,,,,,,
53,54,2006,2,2,Malaysian Grand Prix,2006-03-19,,,,,,,,,,,
54,55,2006,3,1,Australian Grand Prix,2006-04-02,,,,,,,,,,,
55,56,2006,4,21,San Marino Grand Prix,2006-04-23,,,,,,,,,,,
56,57,2006,5,20,European Grand Prix,2006-05-07,,,,,,,,,,,
57,58,2006,6,4,Spanish Grand Prix,2006-05-14,,,,,,,,,,,
58,59,2006,7,6,Monaco Grand Prix,2006-05-28,,,,,,,,,,,
59,60,2006,8,9,British Grand Prix,2006-06-11,,,,,,,,,,,
60,61,2006,9,7,Canadian Grand Prix,2006-06-25,,,,,,,,,,,
61,62,2006,10,19,United States Grand Prix,2006-07-02,,,,,,,,,,,
62,63,2006,11,8,French Grand Prix,2006-07-16,,,,,,,,,,,
63,64,2006,12,10,German Grand Prix,2006-07-30,,,,,,,,,,,
64,65,2006,13,11,Hungarian Grand Prix,2006-08-06,,,,,,,,,,,
65,66,2006,14,5,Turkish Grand Prix,2006-08-27,,,,,,,,,,,
66,67,2006,15,14,Italian Grand Prix,2006-09-10,,,,,,,,,,,
67,68,2006,16,17,Chinese Grand Prix,2006-10-01,,,,,,,,,,,
68,69,2006,17,22,Japanese Grand Prix,2006-10-08,,,,,,,,,,,
69,70,2006,18,18,Brazilian Grand Prix,2006-10-22,,,,,,,,,,,
70,71,2005,1,1,Australian Grand Prix,2005-03-06,,,,,,,,,,,
71,72,2005,2,2,Malaysian Grand Prix,2005-03-20,,,,,,,,,,,
72,73,2005,3,3,Bahrain Grand Prix,2005-04-03,,,,,,,,,,,
73,74,2005,4,21,San Marino Grand Prix,2005-04-24,,,,,,,,,,,
74,75,2005,5,4,Spanish Grand Prix,2005-05-08,,,,,,,,,,,
75,76,2005,6,6,Monaco Grand Prix,2005-05-22,,,,,,,,,,,
76,77,2005,7,20,European Grand Prix,2005-05-29,,,,,,,,,,,
77,78,2005,8,7,Canadian Grand Prix,2005-06-12,,,,,,,,,,,
78,79,2005,9,19,United States Grand Prix,2005-06-19,,,,,,,,,,,
79,80,2005,10,8,French Grand Prix,2005-07-03,,,,,,,,,,,
80,81,2005,11,9,British Grand Prix,2005-07-10,,,,,,,,,,,
81,82,2005,12,10,German Grand Prix,2005-07-24,,,,,,,,,,,
82,83,2005,13,11,Hungarian Grand Prix,2005-07-31,,,,,,,,,,,
83,84,2005,14,5,Turkish Grand Prix,2005-08-21,,,,,,,,,,,
84,85,2005,15,14,Italian Grand Prix,2005-09-04,,,,,,,,,,,
85,86,2005,16,13,Belgian Grand Prix,2005-09-11,,,,,,,,,,,
86,87,2005,17,18,Brazilian Grand Prix,2005-09-25,,,,,,,,,,,
87,88,2005,18,22,Japanese Grand Prix,2005-10-09,,,,,,,,,,,
88,89,2005,19,17,Chinese Grand Prix,2005-10-16,,,,,,,,,,,
89,90,2004,1,1,Australian Grand Prix,2004-03-07,,,,,,,,,,,
90,91,2004,2,2,Malaysian Grand Prix,2004-03-21,,,,,,,,,,,
91,92,2004,3,3,Bahrain Grand Prix,2004-04-04,,,,,,,,,,,
92,93,2004,4,21,San Marino Grand Prix,2004-04-25,,,,,,,,,,,
93,94,2004,5,4,Spanish Grand Prix,2004-05-09,,,,,,,,,,,
94,95,2004,6,6,Monaco Grand Prix,2004-05-23,,,,,,,,,,,
95,96,2004,7,20,European Grand Prix,2004-05-30,,,,,,,,,,,
96,97,2004,8,7,Canadian Grand Prix,2004-06-13,,,,,,,,,,,
97,98,2004,9,19,United States Grand Prix,2004-06-20,,,,,,,,,,,
98,99,2004,10,8,French Grand Prix,2004-07-04,,,,,,,,,,,
99,100,2004,11,9,British Grand Prix,2004-07-11,,,,,,,,,,,
100,101,2004,12,10,German Grand Prix,2004-07-25,,,,,,,,,,,
101,102,2004,13,11,Hungarian Grand Prix,2004-08-15,,,,,,,,,,,
102,103,2004,14,13,Belgian Grand Prix,2004-08-29,,,,,,,,,,,
103,104,2004,15,14,Italian Grand Prix,2004-09-12,,,,,,,,,,,
104,105,2004,16,17,Chinese Grand Prix,2004-09-26,,,,,,,,,,,
105,106,2004,17,22,Japanese Grand Prix,2004-10-10,,,,,,,,,,,
106,107,2004,18,18,Brazilian Grand Prix,2004-10-24,,,,,,,,,,,
107,108,2003,1,1,Australian Grand Prix,2003-03-09,,,,,,,,,,,
108,109,2003,2,2,Malaysian Grand Prix,2003-03-23,,,,,,,,,,,
109,110,2003,3,18,Brazilian Grand Prix,2003-04-06,,,,,,,,,,,
110,111,2003,4,21,San Marino Grand Prix,2003-04-20,,,,,,,,,,,
111,112,2003,5,4,Spanish Grand Prix,2003-05-04,,,,,,,,,,,
112,113,2003,6,70,Austrian Grand Prix,2003-05-18,,,,,,,,,,,
113,114,2003,7,6,Monaco Grand Prix,2003-06-01,,,,,,,,,,,
114,115,2003,8,7,Canadian Grand Prix,2003-06-15,,,,,,,,,,,
115,116,2003,9,20,European Grand Prix,2003-06-29,,,,,,,,,,,
116,117,2003,10,8,French Grand Prix,2003-07-06,,,,,,,,,,,
117,118,2003,11,9,British Grand Prix,2003-07-20,,,,,,,,,,,
118,119,2003,12,10,German Grand Prix,2003-08-03,,,,,,,,,,,
119,120,2003,13,11,Hungarian Grand Prix,2003-08-24,,,,,,,,,,,
120,121,2003,14,14,Italian Grand Prix,2003-09-14,,,,,,,,,,,
121,122,2003,15,19,United States Grand Prix,2003-09-28,,,,,,,,,,,
122,123,2003,16,22,Japanese Grand Prix,2003-10-12,,,,,,,,,,,
123,124,2002,1,1,Australian Grand Prix,2002-03-03,,,,,,,,,,,
124,125,2002,2,2,Malaysian Grand Prix,2002-03-17,,,,,,,,,,,
125,126,2002,3,18,Brazilian Grand Prix,2002-03-31,,,,,,,,,,,
126,127,2002,4,21,San Marino Grand Prix,2002-04-14,,,,,,,,,,,
127,128,2002,5,4,Spanish Grand Prix,2002-04-28,,,,,,,,,,,
128,129,2002,6,70,Austrian Grand Prix,2002-05-12,,,,,,,,,,,
129,130,2002,7,6,Monaco Grand Prix,2002-05-26,,,,,,,,,,,
130,131,2002,8,7,Canadian Grand Prix,2002-06-09,,,,,,,,,,,
131,132,2002,9,20,European Grand Prix,2002-06-23,,,,,,,,,,,
132,133,2002,10,9,British Grand Prix,2002-07-07,,,,,,,,,,,
133,134,2002,11,8,French Grand Prix,2002-07-21,,,,,,,,,,,
134,135,2002,12,10,German Grand Prix,2002-07-28,,,,,,,,,,,
135,136,2002,13,11,Hungarian Grand Prix,2002-08-18,,,,,,,,,,,
136,137,2002,14,13,Belgian Grand Prix,2002-09-01,,,,,,,,,,,
137,138,2002,15,14,Italian Grand Prix,2002-09-15,,,,,,,,,,,
138,139,2002,16,19,United States Grand Prix,2002-09-29,,,,,,,,,,,
139,140,2002,17,22,Japanese Grand Prix,2002-10-13,,,,,,,,,,,
140,141,2001,1,1,Australian Grand Prix,2001-03-04,,,,,,,,,,,
141,142,2001,2,2,Malaysian Grand Prix,2001-03-18,,,,,,,,,,,
142,143,2001,3,18,Brazilian Grand Prix,2001-04-01,,,,,,,,,,,
143,144,2001,4,21,San Marino Grand Prix,2001-04-15,,,,,,,,,,,
144,145,2001,5,4,Spanish Grand Prix,2001-04-29,,,,,,,,,,,
145,146,2001,6,70,Austrian Grand Prix,2001-05-13,,,,,,,,,,,
146,147,2001,7,6,Monaco Grand Prix,2001-05-27,,,,,,,,,,,
147,148,2001,8,7,Canadian Grand Prix,2001-06-10,,,,,,,,,,,
148,149,2001,9,20,European Grand Prix,2001-06-24,,,,,,,,,,,
149,150,2001,10,8,French Grand Prix,2001-07-01,,,,,,,,,,,
150,151,2001,11,9,British Grand Prix,2001-07-15,,,,,,,,,,,
151,152,2001,12,10,German Grand Prix,2001-07-29,,,,,,,,,,,
152,153,2001,13,11,Hungarian Grand Prix,2001-08-19,,,,,,,,,,,
153,154,2001,14,13,Belgian Grand Prix,2001-09-02,,,,,,,,,,,
154,155,2001,15,14,Italian Grand Prix,2001-09-16,,,,,,,,,,,
155,156,2001,16,19,United States Grand Prix,2001-09-30,,,,,,,,,,,
156,157,2001,17,22,Japanese Grand Prix,2001-10-14,,,,,,,,,,,
157,158,2000,1,1,Australian Grand Prix,2000-03-12,,,,,,,,,,,
158,159,2000,2,18,Brazilian Grand Prix,2000-03-26,,,,,,,,,,,
159,160,2000,3,21,San Marino Grand Prix,2000-04-09,,,,,,,,,,,
160,161,2000,4,9,British Grand Prix,2000-04-23,,,,,,,,,,,
161,162,2000,5,4,Spanish Grand Prix,2000-05-07,,,,,,,,,,,
162,163,2000,6,20,European Grand Prix,2000-05-21,,,,,,,,,,,
163,164,2000,7,6,Monaco Grand Prix,2000-06-04,,,,,,,,,,,
164,165,2000,8,7,Canadian Grand Prix,2000-06-18,,,,,,,,,,,
165,166,2000,9,8,French Grand Prix,2000-07-02,,,,,,,,,,,
166,167,2000,10,70,Austrian Grand Prix,2000-07-16,,,,,,,,,,,
167,168,2000,11,10,German Grand Prix,2000-07-30,,,,,,,,,,,
168,169,2000,12,11,Hungarian Grand Prix,2000-08-13,,,,,,,,,,,
169,170,2000,13,13,Belgian Grand Prix,2000-08-27,,,,,,,,,,,
170,171,2000,14,14,Italian Grand Prix,2000-09-10,,,,,,,,,,,
171,172,2000,15,19,United States Grand Prix,2000-09-24,,,,,,,,,,,
172,173,2000,16,22,Japanese Grand Prix,2000-10-08,,,,,,,,,,,
173,174,2000,17,2,Malaysian Grand Prix,2000-10-22,,,,,,,,,,,
174,175,1999,1,1,Australian Grand Prix,1999-03-07,,,,,,,,,,,
175,176,1999,2,18,Brazilian Grand Prix,1999-04-11,,,,,,,,,,,
176,177,1999,3,21,San Marino Grand Prix,1999-05-02,,,,,,,,,,,
177,178,1999,4,6,Monaco Grand Prix,1999-05-16,,,,,,,,,,,
178,179,1999,5,4,Spanish Grand Prix,1999-05-30,,,,,,,,,,,
179,180,1999,6,7,Canadian Grand Prix,1999-06-13,,,,,,,,,,,
180,181,1999,7,8,French Grand Prix,1999-06-27,,,,,,,,,,,
181,182,1999,8,9,British Grand Prix,1999-07-11,,,,,,,,,,,
182,183,1999,9,70,Austrian Grand Prix,1999-07-25,,,,,,,,,,,
183,184,1999,10,10,German Grand Prix,1999-08-01,,,,,,,,,,,
184,185,1999,11,11,Hungarian Grand Prix,1999-08-15,,,,,,,,,,,
185,186,1999,12,13,Belgian Grand Prix,1999-08-29,,,,,,,,,,,
186,187,1999,13,14,Italian Grand Prix,1999-09-12,,,,,,,,,,,
187,188,1999,14,20,European Grand Prix,1999-09-26,,,,,,,,,,,
188,189,1999,15,2,Malaysian Grand Prix,1999-10-17,,,,,,,,,,,
189,190,1999,16,22,Japanese Grand Prix,1999-10-31,,,,,,,,,,,
190,191,1998,1,1,Australian Grand Prix,1998-03-08,,,,,,,,,,,
191,192,1998,2,18,Brazilian Grand Prix,1998-03-29,,,,,,,,,,,
192,193,1998,3,25,Argentine Grand Prix,1998-04-12,,,,,,,,,,,
193,194,1998,4,21,San Marino Grand Prix,1998-04-26,,,,,,,,,,,
194,195,1998,5,4,Spanish Grand Prix,1998-05-10,,,,,,,,,,,
195,196,1998,6,6,Monaco Grand Prix,1998-05-24,,,,,,,,,,,
196,197,1998,7,7,Canadian Grand Prix,1998-06-07,,,,,,,,,,,
197,198,1998,8,8,French Grand Prix,1998-06-28,,,,,,,,,,,
198,199,1998,9,9,British Grand Prix,1998-07-12,,,,,,,,,,,
199,200,1998,10,70,Austrian Grand Prix,1998-07-26,,,,,,,,,,,
200,201,1998,11,10,German Grand Prix,1998-08-02,,,,,,,,,,,
201,202,1998,12,11,Hungarian Grand Prix,1998-08-16,,,,,,,,,,,
202,203,1998,13,13,Belgian Grand Prix,1998-08-30,,,,,,,,,,,
203,204,1998,14,14,Italian Grand Prix,1998-09-13,,,,,,,,,,,
204,205,1998,15,20,Luxembourg Grand Prix,1998-09-27,,,,,,,,,,,
205,206,1998,16,22,Japanese Grand Prix,1998-11-01,,,,,,,,,,,
206,207,1997,1,1,Australian Grand Prix,1997-03-09,,,,,,,,,,,
207,208,1997,2,18,Brazilian Grand Prix,1997-03-30,,,,,,,,,,,
208,209,1997,3,25,Argentine Grand Prix,1997-04-13,,,,,,,,,,,
209,210,1997,4,21,San Marino Grand Prix,1997-04-27,,,,,,,,,,,
210,211,1997,5,6,Monaco Grand Prix,1997-05-11,,,,,,,,,,,
211,212,1997,6,4,Spanish Grand Prix,1997-05-25,,,,,,,,,,,
212,213,1997,7,7,Canadian Grand Prix,1997-06-15,,,,,,,,,,,
213,214,1997,8,8,French Grand Prix,1997-06-29,,,,,,,,,,,
214,215,1997,9,9,British Grand Prix,1997-07-13,,,,,,,,,,,
215,216,1997,10,10,German Grand Prix,1997-07-27,,,,,,,,,,,
216,217,1997,11,11,Hungarian Grand Prix,1997-08-10,,,,,,,,,,,
217,218,1997,12,13,Belgian Grand Prix,1997-08-24,,,,,,,,,,,
218,219,1997,13,14,Italian Grand Prix,1997-09-07,,,,,,,,,,,
219,220,1997,14,70,Austrian Grand Prix,1997-09-21,,,,,,,,,,,
220,221,1997,15,20,Luxembourg Grand Prix,1997-09-28,,,,,,,,,,,
221,222,1997,16,22,Japanese Grand Prix,1997-10-12,,,,,,,,,,,
222,223,1997,17,26,European Grand Prix,1997-10-26,,,,,,,,,,,
223,224,1996,1,1,Australian Grand Prix,1996-03-10,,,,,,,,,,,
224,225,1996,2,18,Brazilian Grand Prix,1996-03-31,,,,,,,,,,,
225,226,1996,3,25,Argentine Grand Prix,1996-04-07,,,,,,,,,,,
226,227,1996,4,20,European Grand Prix,1996-04-28,,,,,,,,,,,
227,228,1996,5,21,San Marino Grand Prix,1996-05-05,,,,,,,,,,,
228,229,1996,6,6,Monaco Grand Prix,1996-05-19,,,,,,,,,,,
229,230,1996,7,4,Spanish Grand Prix,1996-06-02,,,,,,,,,,,
230,231,1996,8,7,Canadian Grand Prix,1996-06-16,,,,,,,,,,,
231,232,1996,9,8,French Grand Prix,1996-06-30,,,,,,,,,,,
232,233,1996,10,9,British Grand Prix,1996-07-14,,,,,,,,,,,
233,234,1996,11,10,German Grand Prix,1996-07-28,,,,,,,,,,,
234,235,1996,12,11,Hungarian Grand Prix,1996-08-11,,,,,,,,,,,
235,236,1996,13,13,Belgian Grand Prix,1996-08-25,,,,,,,,,,,
236,237,1996,14,14,Italian Grand Prix,1996-09-08,,,,,,,,,,,
237,238,1996,15,27,Portuguese Grand Prix,1996-09-22,,,,,,,,,,,
238,239,1996,16,22,Japanese Grand Prix,1996-10-13,,,,,,,,,,,
239,240,1995,1,18,Brazilian Grand Prix,1995-03-26,,,,,,,,,,,
240,241,1995,2,25,Argentine Grand Prix,1995-04-09,,,,,,,,,,,
241,242,1995,3,21,San Marino Grand Prix,1995-04-30,,,,,,,,,,,
242,243,1995,4,4,Spanish Grand Prix,1995-05-14,,,,,,,,,,,
243,244,1995,5,6,Monaco Grand Prix,1995-05-28,,,,,,,,,,,
244,245,1995,6,7,Canadian Grand Prix,1995-06-11,,,,,,,,,,,
245,246,1995,7,8,French Grand Prix,1995-07-02,,,,,,,,,,,
246,247,1995,8,9,British Grand Prix,1995-07-16,,,,,,,,,,,
247,248,1995,9,10,German Grand Prix,1995-07-30,,,,,,,,,,,
248,249,1995,10,11,Hungarian Grand Prix,1995-08-13,,,,,,,,,,,
249,250,1995,11,13,Belgian Grand Prix,1995-08-27,,,,,,,,,,,
250,251,1995,12,14,Italian Grand Prix,1995-09-10,,,,,,,,,,,
251,252,1995,13,27,Portuguese Grand Prix,1995-09-24,,,,,,,,,,,
252,253,1995,14,20,European Grand Prix,1995-10-01,,,,,,,,,,,
253,254,1995,15,28,Pacific Grand Prix,1995-10-22,,,,,,,,,,,
254,255,1995,16,22,Japanese Grand Prix,1995-10-29,,,,,,,,,,,
255,256,1995,17,29,Australian Grand Prix,1995-11-12,,,,,,,,,,,
256,257,1994,1,18,Brazilian Grand Prix,1994-03-27,,,,,,,,,,,
257,258,1994,2,28,Pacific Grand Prix,1994-04-17,,,,,,,,,,,
258,259,1994,3,21,San Marino Grand Prix,1994-05-01,,,,,,,,,,,
259,260,1994,4,6,Monaco Grand Prix,1994-05-15,,,,,,,,,,,
260,261,1994,5,4,Spanish Grand Prix,1994-05-29,,,,,,,,,,,
261,262,1994,6,7,Canadian Grand Prix,1994-06-12,,,,,,,,,,,
262,263,1994,7,8,French Grand Prix,1994-07-03,,,,,,,,,,,
263,264,1994,8,9,British Grand Prix,1994-07-10,,,,,,,,,,,
264,265,1994,9,10,German Grand Prix,1994-07-31,,,,,,,,,,,
265,266,1994,10,11,Hungarian Grand Prix,1994-08-14,,,,,,,,,,,
266,267,1994,11,13,Belgian Grand Prix,1994-08-28,,,,,,,,,,,
267,268,1994,12,14,Italian Grand Prix,1994-09-11,,,,,,,,,,,
268,269,1994,13,27,Portuguese Grand Prix,1994-09-25,,,,,,,,,,,
269,270,1994,14,26,European Grand Prix,1994-10-16,,,,,,,,,,,
270,271,1994,15,22,Japanese Grand Prix,1994-11-06,,,,,,,,,,,
271,272,1994,16,29,Australian Grand Prix,1994-11-13,,,,,,,,,,,
272,273,1993,1,30,South African Grand Prix,1993-03-14,,,,,,,,,,,
273,274,1993,2,18,Brazilian Grand Prix,1993-03-28,,,,,,,,,,,
274,275,1993,3,31,European Grand Prix,1993-04-11,,,,,,,,,,,
275,276,1993,4,21,San Marino Grand Prix,1993-04-25,,,,,,,,,,,
276,277,1993,5,4,Spanish Grand Prix,1993-05-09,,,,,,,,,,,
277,278,1993,6,6,Monaco Grand Prix,1993-05-23,,,,,,,,,,,
278,279,1993,7,7,Canadian Grand Prix,1993-06-13,,,,,,,,,,,
279,280,1993,8,8,French Grand Prix,1993-07-04,,,,,,,,,,,
280,281,1993,9,9,British Grand Prix,1993-07-11,,,,,,,,,,,
281,282,1993,10,10,German Grand Prix,1993-07-25,,,,,,,,,,,
282,283,1993,11,11,Hungarian Grand Prix,1993-08-15,,,,,,,,,,,
283,284,1993,12,13,Belgian Grand Prix,1993-08-29,,,,,,,,,,,
284,285,1993,13,14,Italian Grand Prix,1993-09-12,,,,,,,,,,,
285,286,1993,14,27,Portuguese Grand Prix,1993-09-26,,,,,,,,,,,
286,287,1993,15,22,Japanese Grand Prix,1993-10-24,,,,,,,,,,,
287,288,1993,16,29,Australian Grand Prix,1993-11-07,,,,,,,,,,,
288,289,1992,1,30,South African Grand Prix,1992-03-01,,,,,,,,,,,
289,290,1992,2,32,Mexican Grand Prix,1992-03-22,,,,,,,,,,,
290,291,1992,3,18,Brazilian Grand Prix,1992-04-05,,,,,,,,,,,
291,292,1992,4,4,Spanish Grand Prix,1992-05-03,,,,,,,,,,,
292,293,1992,5,21,San Marino Grand Prix,1992-05-17,,,,,,,,,,,
293,294,1992,6,6,Monaco Grand Prix,1992-05-31,,,,,,,,,,,
294,295,1992,7,7,Canadian Grand Prix,1992-06-14,,,,,,,,,,,
295,296,1992,8,8,French Grand Prix,1992-07-05,,,,,,,,,,,
296,297,1992,9,9,British Grand Prix,1992-07-12,,,,,,,,,,,
297,298,1992,10,10,German Grand Prix,1992-07-26,,,,,,,,,,,
298,299,1992,11,11,Hungarian Grand Prix,1992-08-16,,,,,,,,,,,
299,300,1992,12,13,Belgian Grand Prix,1992-08-30,,,,,,,,,,,
300,301,1992,13,14,Italian Grand Prix,1992-09-13,,,,,,,,,,,
301,302,1992,14,27,Portuguese Grand Prix,1992-09-27,,,,,,,,,,,
302,303,1992,15,22,Japanese Grand Prix,1992-10-25,,,,,,,,,,,
303,304,1992,16,29,Australian Grand Prix,1992-11-08,,,,,,,,,,,
304,305,1991,1,33,United States Grand Prix,1991-03-10,,,,,,,,,,,
305,306,1991,2,18,Brazilian Grand Prix,1991-03-24,,,,,,,,,,,
306,307,1991,3,21,San Marino Grand Prix,1991-04-28,,,,,,,,,,,
307,308,1991,4,6,Monaco Grand Prix,1991-05-12,,,,,,,,,,,
308,309,1991,5,7,Canadian Grand Prix,1991-06-02,,,,,,,,,,,
309,310,1991,6,32,Mexican Grand Prix,1991-06-16,,,,,,,,,,,
310,311,1991,7,8,French Grand Prix,1991-07-07,,,,,,,,,,,
311,312,1991,8,9,British Grand Prix,1991-07-14,,,,,,,,,,,
312,313,1991,9,10,German Grand Prix,1991-07-28,,,,,,,,,,,
313,314,1991,10,11,Hungarian Grand Prix,1991-08-11,,,,,,,,,,,
314,315,1991,11,13,Belgian Grand Prix,1991-08-25,,,,,,,,,,,
315,316,1991,12,14,Italian Grand Prix,1991-09-08,,,,,,,,,,,
316,317,1991,13,27,Portuguese Grand Prix,1991-09-22,,,,,,,,,,,
317,318,1991,14,4,Spanish Grand Prix,1991-09-29,,,,,,,,,,,
318,319,1991,15,22,Japanese Grand Prix,1991-10-20,,,,,,,,,,,
319,320,1991,16,29,Australian Grand Prix,1991-11-03,,,,,,,,,,,
320,321,1990,1,33,United States Grand Prix,1990-03-11,,,,,,,,,,,
321,322,1990,2,18,Brazilian Grand Prix,1990-03-25,,,,,,,,,,,
322,323,1990,3,21,San Marino Grand Prix,1990-05-13,,,,,,,,,,,
323,324,1990,4,6,Monaco Grand Prix,1990-05-27,,,,,,,,,,,
324,325,1990,5,7,Canadian Grand Prix,1990-06-10,,,,,,,,,,,
325,326,1990,6,32,Mexican Grand Prix,1990-06-24,,,,,,,,,,,
326,327,1990,7,34,French Grand Prix,1990-07-08,,,,,,,,,,,
327,328,1990,8,9,British Grand Prix,1990-07-15,,,,,,,,,,,
328,329,1990,9,10,German Grand Prix,1990-07-29,,,,,,,,,,,
329,330,1990,10,11,Hungarian Grand Prix,1990-08-12,,,,,,,,,,,
330,331,1990,11,13,Belgian Grand Prix,1990-08-26,,,,,,,,,,,
331,332,1990,12,14,Italian Grand Prix,1990-09-09,,,,,,,,,,,
332,333,1990,13,27,Portuguese Grand Prix,1990-09-23,,,,,,,,,,,
333,334,1990,14,26,Spanish Grand Prix,1990-09-30,,,,,,,,,,,
334,335,1990,15,22,Japanese Grand Prix,1990-10-21,,,,,,,,,,,
335,336,1990,16,29,Australian Grand Prix,1990-11-04,,,,,,,,,,,
336,337,2010,1,3,Bahrain Grand Prix,2010-03-14,,,,,,,,,,,
337,338,2010,2,1,Australian Grand Prix,2010-03-28,,,,,,,,,,,
338,339,2010,3,2,Malaysian Grand Prix,2010-04-04,,,,,,,,,,,
339,340,2010,4,17,Chinese Grand Prix,2010-04-18,,,,,,,,,,,
340,341,2010,5,4,Spanish Grand Prix,2010-05-09,,,,,,,,,,,
341,342,2010,6,6,Monaco Grand Prix,2010-05-16,,,,,,,,,,,
342,343,2010,7,5,Turkish Grand Prix,2010-05-30,,,,,,,,,,,
343,344,2010,8,7,Canadian Grand Prix,2010-06-13,,,,,,,,,,,
344,345,2010,9,12,European Grand Prix,2010-06-27,,,,,,,,,,,
345,346,2010,10,9,British Grand Prix,2010-07-11,,,,,,,,,,,
346,347,2010,11,10,German Grand Prix,2010-07-25,,,,,,,,,,,
347,348,2010,12,11,Hungarian Grand Prix,2010-08-01,,,,,,,,,,,
348,349,2010,13,13,Belgian Grand Prix,2010-08-29,,,,,,,,,,,
349,350,2010,14,14,Italian Grand Prix,2010-09-12,,,,,,,,,,,
350,351,2010,15,15,Singapore Grand Prix,2010-09-26,,,,,,,,,,,
351,352,2010,16,22,Japanese Grand Prix,2010-10-10,,,,,,,,,,,
352,353,2010,17,35,Korean Grand Prix,2010-10-24,,,,,,,,,,,
353,354,2010,18,18,Brazilian Grand Prix,2010-11-07,,,,,,,,,,,
354,355,2010,19,24,Abu Dhabi Grand Prix,2010-11-14,,,,,,,,,,,
355,356,1989,1,36,Brazilian Grand Prix,1989-03-26,,,,,,,,,,,
356,357,1989,2,21,San Marino Grand Prix,1989-04-23,,,,,,,,,,,
357,358,1989,3,6,Monaco Grand Prix,1989-05-07,,,,,,,,,,,
358,359,1989,4,32,Mexican Grand Prix,1989-05-28,,,,,,,,,,,
359,360,1989,5,33,United States Grand Prix,1989-06-04,,,,,,,,,,,
360,361,1989,6,7,Canadian Grand Prix,1989-06-18,,,,,,,,,,,
361,362,1989,7,34,French Grand Prix,1989-07-09,,,,,,,,,,,
362,363,1989,8,9,British Grand Prix,1989-07-16,,,,,,,,,,,
363,364,1989,9,10,German Grand Prix,1989-07-30,,,,,,,,,,,
364,365,1989,10,11,Hungarian Grand Prix,1989-08-13,,,,,,,,,,,
365,366,1989,11,13,Belgian Grand Prix,1989-08-27,,,,,,,,,,,
366,367,1989,12,14,Italian Grand Prix,1989-09-10,,,,,,,,,,,
367,368,1989,13,27,Portuguese Grand Prix,1989-09-24,,,,,,,,,,,
368,369,1989,14,26,Spanish Grand Prix,1989-10-01,,,,,,,,,,,
369,370,1989,15,22,Japanese Grand Prix,1989-10-22,,,,,,,,,,,
370,371,1989,16,29,Australian Grand Prix,1989-11-05,,,,,,,,,,,
371,372,1988,1,36,Brazilian Grand Prix,1988-04-03,,,,,,,,,,,
372,373,1988,2,21,San Marino Grand Prix,1988-05-01,,,,,,,,,,,
373,374,1988,3,6,Monaco Grand Prix,1988-05-15,,,,,,,,,,,
374,375,1988,4,32,Mexican Grand Prix,1988-05-29,,,,,,,,,,,
375,376,1988,5,7,Canadian Grand Prix,1988-06-12,,,,,,,,,,,
376,377,1988,6,37,Detroit Grand Prix,1988-06-19,,,,,,,,,,,
377,378,1988,7,34,French Grand Prix,1988-07-03,,,,,,,,,,,
378,379,1988,8,9,British Grand Prix,1988-07-10,,,,,,,,,,,
379,380,1988,9,10,German Grand Prix,1988-07-24,,,,,,,,,,,
380,381,1988,10,11,Hungarian Grand Prix,1988-08-07,,,,,,,,,,,
381,382,1988,11,13,Belgian Grand Prix,1988-08-28,,,,,,,,,,,
382,383,1988,12,14,Italian Grand Prix,1988-09-11,,,,,,,,,,,
383,384,1988,13,27,Portuguese Grand Prix,1988-09-25,,,,,,,,,,,
384,385,1988,14,26,Spanish Grand Prix,1988-10-02,,,,,,,,,,,
385,386,1988,15,22,Japanese Grand Prix,1988-10-30,,,,,,,,,,,
386,387,1988,16,29,Australian Grand Prix,1988-11-13,,,,,,,,,,,
387,388,1987,1,36,Brazilian Grand Prix,1987-04-12,,,,,,,,,,,
388,389,1987,2,21,San Marino Grand Prix,1987-05-03,,,,,,,,,,,
389,390,1987,3,13,Belgian Grand Prix,1987-05-17,,,,,,,,,,,
390,391,1987,4,6,Monaco Grand Prix,1987-05-31,,,,,,,,,,,
391,392,1987,5,37,Detroit Grand Prix,1987-06-21,,,,,,,,,,,
392,393,1987,6,34,French Grand Prix,1987-07-05,,,,,,,,,,,
393,394,1987,7,9,British Grand Prix,1987-07-12,,,,,,,,,,,
394,395,1987,8,10,German Grand Prix,1987-07-26,,,,,,,,,,,
395,396,1987,9,11,Hungarian Grand Prix,1987-08-09,,,,,,,,,,,
396,397,1987,10,70,Austrian Grand Prix,1987-08-16,,,,,,,,,,,
397,398,1987,11,14,Italian Grand Prix,1987-09-06,,,,,,,,,,,
398,399,1987,12,27,Portuguese Grand Prix,1987-09-20,,,,,,,,,,,
399,400,1987,13,26,Spanish Grand Prix,1987-09-27,,,,,,,,,,,
400,401,1987,14,32,Mexican Grand Prix,1987-10-18,,,,,,,,,,,
401,402,1987,15,22,Japanese Grand Prix,1987-11-01,,,,,,,,,,,
402,403,1987,16,29,Australian Grand Prix,1987-11-15,,,,,,,,,,,
403,404,1986,1,36,Brazilian Grand Prix,1986-03-23,,,,,,,,,,,
404,405,1986,2,26,Spanish Grand Prix,1986-04-13,,,,,,,,,,,
405,406,1986,3,21,San Marino Grand Prix,1986-04-27,,,,,,,,,,,
406,407,1986,4,6,Monaco Grand Prix,1986-05-11,,,,,,,,,,,
407,408,1986,5,13,Belgian Grand Prix,1986-05-25,,,,,,,,,,,
408,409,1986,6,7,Canadian Grand Prix,1986-06-15,,,,,,,,,,,
409,410,1986,7,37,Detroit Grand Prix,1986-06-22,,,,,,,,,,,
410,411,1986,8,34,French Grand Prix,1986-07-06,,,,,,,,,,,
411,412,1986,9,38,British Grand Prix,1986-07-13,,,,,,,,,,,
412,413,1986,10,10,German Grand Prix,1986-07-27,,,,,,,,,,,
413,414,1986,11,11,Hungarian Grand Prix,1986-08-10,,,,,,,,,,,
414,415,1986,12,70,Austrian Grand Prix,1986-08-17,,,,,,,,,,,
415,416,1986,13,14,Italian Grand Prix,1986-09-07,,,,,,,,,,,
416,417,1986,14,27,Portuguese Grand Prix,1986-09-21,,,,,,,,,,,
417,418,1986,15,32,Mexican Grand Prix,1986-10-12,,,,,,,,,,,
418,419,1986,16,29,Australian Grand Prix,1986-10-26,,,,,,,,,,,
419,420,1985,1,36,Brazilian Grand Prix,1985-04-07,,,,,,,,,,,
420,421,1985,2,27,Portuguese Grand Prix,1985-04-21,,,,,,,,,,,
421,422,1985,3,21,San Marino Grand Prix,1985-05-05,,,,,,,,,,,
422,423,1985,4,6,Monaco Grand Prix,1985-05-19,,,,,,,,,,,
423,424,1985,5,7,Canadian Grand Prix,1985-06-16,,,,,,,,,,,
424,425,1985,6,37,Detroit Grand Prix,1985-06-23,,,,,,,,,,,
425,426,1985,7,34,French Grand Prix,1985-07-07,,,,,,,,,,,
426,427,1985,8,9,British Grand Prix,1985-07-21,,,,,,,,,,,
427,428,1985,9,20,German Grand Prix,1985-08-04,,,,,,,,,,,
428,429,1985,10,70,Austrian Grand Prix,1985-08-18,,,,,,,,,,,
429,430,1985,11,39,Dutch Grand Prix,1985-08-25,,,,,,,,,,,
430,431,1985,12,14,Italian Grand Prix,1985-09-08,,,,,,,,,,,
431,432,1985,13,13,Belgian Grand Prix,1985-09-15,,,,,,,,,,,
432,433,1985,14,38,European Grand Prix,1985-10-06,,,,,,,,,,,
433,434,1985,15,30,South African Grand Prix,1985-10-19,,,,,,,,,,,
434,435,1985,16,29,Australian Grand Prix,1985-11-03,,,,,,,,,,,
435,436,1984,1,36,Brazilian Grand Prix,1984-03-25,,,,,,,,,,,
436,437,1984,2,30,South African Grand Prix,1984-04-07,,,,,,,,,,,
437,438,1984,3,40,Belgian Grand Prix,1984-04-29,,,,,,,,,,,
438,439,1984,4,21,San Marino Grand Prix,1984-05-06,,,,,,,,,,,
439,440,1984,5,41,French Grand Prix,1984-05-20,,,,,,,,,,,
440,441,1984,6,6,Monaco Grand Prix,1984-06-03,,,,,,,,,,,
441,442,1984,7,7,Canadian Grand Prix,1984-06-17,,,,,,,,,,,
442,443,1984,8,37,Detroit Grand Prix,1984-06-24,,,,,,,,,,,
443,444,1984,9,42,Dallas Grand Prix,1984-07-08,,,,,,,,,,,
444,445,1984,10,38,British Grand Prix,1984-07-22,,,,,,,,,,,
445,446,1984,11,10,German Grand Prix,1984-08-05,,,,,,,,,,,
446,447,1984,12,70,Austrian Grand Prix,1984-08-19,,,,,,,,,,,
447,448,1984,13,39,Dutch Grand Prix,1984-08-26,,,,,,,,,,,
448,449,1984,14,14,Italian Grand Prix,1984-09-09,,,,,,,,,,,
449,450,1984,15,20,European Grand Prix,1984-10-07,,,,,,,,,,,
450,451,1984,16,27,Portuguese Grand Prix,1984-10-21,,,,,,,,,,,
451,452,1983,1,36,Brazilian Grand Prix,1983-03-13,,,,,,,,,,,
452,453,1983,2,43,United States Grand Prix West,1983-03-27,,,,,,,,,,,
453,454,1983,3,34,French Grand Prix,1983-04-17,,,,,,,,,,,
454,455,1983,4,21,San Marino Grand Prix,1983-05-01,,,,,,,,,,,
455,456,1983,5,6,Monaco Grand Prix,1983-05-15,,,,,,,,,,,
456,457,1983,6,13,Belgian Grand Prix,1983-05-22,,,,,,,,,,,
457,458,1983,7,37,Detroit Grand Prix,1983-06-05,,,,,,,,,,,
458,459,1983,8,7,Canadian Grand Prix,1983-06-12,,,,,,,,,,,
459,460,1983,9,9,British Grand Prix,1983-07-16,,,,,,,,,,,
460,461,1983,10,10,German Grand Prix,1983-08-07,,,,,,,,,,,
461,462,1983,11,70,Austrian Grand Prix,1983-08-14,,,,,,,,,,,
462,463,1983,12,39,Dutch Grand Prix,1983-08-28,,,,,,,,,,,
463,464,1983,13,14,Italian Grand Prix,1983-09-11,,,,,,,,,,,
464,465,1983,14,38,European Grand Prix,1983-09-25,,,,,,,,,,,
465,466,1983,15,30,South African Grand Prix,1983-10-15,,,,,,,,,,,
466,467,1982,1,30,South African Grand Prix,1982-01-23,,,,,,,,,,,
467,468,1982,2,36,Brazilian Grand Prix,1982-03-21,,,,,,,,,,,
468,469,1982,3,43,United States Grand Prix West,1982-04-04,,,,,,,,,,,
469,470,1982,4,21,San Marino Grand Prix,1982-04-25,,,,,,,,,,,
470,471,1982,5,40,Belgian Grand Prix,1982-05-09,,,,,,,,,,,
471,472,1982,6,6,Monaco Grand Prix,1982-05-23,,,,,,,,,,,
472,473,1982,7,37,Detroit Grand Prix,1982-06-06,,,,,,,,,,,
473,474,1982,8,7,Canadian Grand Prix,1982-06-13,,,,,,,,,,,
474,475,1982,9,39,Dutch Grand Prix,1982-07-03,,,,,,,,,,,
475,476,1982,10,38,British Grand Prix,1982-07-18,,,,,,,,,,,
476,477,1982,11,34,French Grand Prix,1982-07-25,,,,,,,,,,,
477,478,1982,12,10,German Grand Prix,1982-08-08,,,,,,,,,,,
478,479,1982,13,70,Austrian Grand Prix,1982-08-15,,,,,,,,,,,
479,480,1982,14,41,Swiss Grand Prix,1982-08-29,,,,,,,,,,,
480,481,1982,15,14,Italian Grand Prix,1982-09-12,,,,,,,,,,,
481,482,1982,16,44,Caesars Palace Grand Prix,1982-09-25,,,,,,,,,,,
482,483,1981,1,43,United States Grand Prix West,1981-03-15,,,,,,,,,,,
483,484,1981,2,36,Brazilian Grand Prix,1981-03-29,,,,,,,,,,,
484,485,1981,3,25,Argentine Grand Prix,1981-04-12,,,,,,,,,,,
485,486,1981,4,21,San Marino Grand Prix,1981-05-03,,,,,,,,,,,
486,487,1981,5,40,Belgian Grand Prix,1981-05-17,,,,,,,,,,,
487,488,1981,6,6,Monaco Grand Prix,1981-05-31,,,,,,,,,,,
488,489,1981,7,45,Spanish Grand Prix,1981-06-21,,,,,,,,,,,
489,490,1981,8,41,French Grand Prix,1981-07-05,,,,,,,,,,,
490,491,1981,9,9,British Grand Prix,1981-07-18,,,,,,,,,,,
491,492,1981,10,10,German Grand Prix,1981-08-02,,,,,,,,,,,
492,493,1981,11,70,Austrian Grand Prix,1981-08-16,,,,,,,,,,,
493,494,1981,12,39,Dutch Grand Prix,1981-08-30,,,,,,,,,,,
494,495,1981,13,14,Italian Grand Prix,1981-09-13,,,,,,,,,,,
495,496,1981,14,7,Canadian Grand Prix,1981-09-27,,,,,,,,,,,
496,497,1981,15,44,Caesars Palace Grand Prix,1981-10-17,,,,,,,,,,,
497,498,1980,1,25,Argentine Grand Prix,1980-01-13,,,,,,,,,,,
498,499,1980,2,18,Brazilian Grand Prix,1980-01-27,,,,,,,,,,,
499,500,1980,3,30,South African Grand Prix,1980-03-01,,,,,,,,,,,
500,501,1980,4,43,United States Grand Prix West,1980-03-30,,,,,,,,,,,
501,502,1980,5,40,Belgian Grand Prix,1980-05-04,,,,,,,,,,,
502,503,1980,6,6,Monaco Grand Prix,1980-05-18,,,,,,,,,,,
503,504,1980,7,34,French Grand Prix,1980-06-29,,,,,,,,,,,
504,505,1980,8,38,British Grand Prix,1980-07-13,,,,,,,,,,,
505,506,1980,9,10,German Grand Prix,1980-08-10,,,,,,,,,,,
506,507,1980,10,70,Austrian Grand Prix,1980-08-17,,,,,,,,,,,
507,508,1980,11,39,Dutch Grand Prix,1980-08-31,,,,,,,,,,,
508,509,1980,12,21,Italian Grand Prix,1980-09-14,,,,,,,,,,,
509,510,1980,13,7,Canadian Grand Prix,1980-09-28,,,,,,,,,,,
510,511,1980,14,46,United States Grand Prix,1980-10-05,,,,,,,,,,,
511,512,1979,1,25,Argentine Grand Prix,1979-01-21,,,,,,,,,,,
512,513,1979,2,18,Brazilian Grand Prix,1979-02-04,,,,,,,,,,,
513,514,1979,3,30,South African Grand Prix,1979-03-03,,,,,,,,,,,
514,515,1979,4,43,United States Grand Prix West,1979-04-08,,,,,,,,,,,
515,516,1979,5,45,Spanish Grand Prix,1979-04-29,,,,,,,,,,,
516,517,1979,6,40,Belgian Grand Prix,1979-05-13,,,,,,,,,,,
517,518,1979,7,6,Monaco Grand Prix,1979-05-27,,,,,,,,,,,
518,519,1979,8,41,French Grand Prix,1979-07-01,,,,,,,,,,,
519,520,1979,9,9,British Grand Prix,1979-07-14,,,,,,,,,,,
520,521,1979,10,10,German Grand Prix,1979-07-29,,,,,,,,,,,
521,522,1979,11,70,Austrian Grand Prix,1979-08-12,,,,,,,,,,,
522,523,1979,12,39,Dutch Grand Prix,1979-08-26,,,,,,,,,,,
523,524,1979,13,14,Italian Grand Prix,1979-09-09,,,,,,,,,,,
524,525,1979,14,7,Canadian Grand Prix,1979-09-30,,,,,,,,,,,
525,526,1979,15,46,United States Grand Prix,1979-10-07,,,,,,,,,,,
526,527,1978,1,25,Argentine Grand Prix,1978-01-15,,,,,,,,,,,
527,528,1978,2,36,Brazilian Grand Prix,1978-01-29,,,,,,,,,,,
528,529,1978,3,30,South African Grand Prix,1978-03-04,,,,,,,,,,,
529,530,1978,4,43,United States Grand Prix West,1978-04-02,,,,,,,,,,,
530,531,1978,5,6,Monaco Grand Prix,1978-05-07,,,,,,,,,,,
531,532,1978,6,40,Belgian Grand Prix,1978-05-21,,,,,,,,,,,
532,533,1978,7,45,Spanish Grand Prix,1978-06-04,,,,,,,,,,,
533,534,1978,8,47,Swedish Grand Prix,1978-06-17,,,,,,,,,,,
534,535,1978,9,34,French Grand Prix,1978-07-02,,,,,,,,,,,
535,536,1978,10,38,British Grand Prix,1978-07-16,,,,,,,,,,,
536,537,1978,11,10,German Grand Prix,1978-07-30,,,,,,,,,,,
537,538,1978,12,70,Austrian Grand Prix,1978-08-13,,,,,,,,,,,
538,539,1978,13,39,Dutch Grand Prix,1978-08-27,,,,,,,,,,,
539,540,1978,14,14,Italian Grand Prix,1978-09-10,,,,,,,,,,,
540,541,1978,15,46,United States Grand Prix,1978-10-01,,,,,,,,,,,
541,542,1978,16,7,Canadian Grand Prix,1978-10-08,,,,,,,,,,,
542,543,1977,1,25,Argentine Grand Prix,1977-01-09,,,,,,,,,,,
543,544,1977,2,18,Brazilian Grand Prix,1977-01-23,,,,,,,,,,,
544,545,1977,3,30,South African Grand Prix,1977-03-05,,,,,,,,,,,
545,546,1977,4,43,United States Grand Prix West,1977-04-03,,,,,,,,,,,
546,547,1977,5,45,Spanish Grand Prix,1977-05-08,,,,,,,,,,,
547,548,1977,6,6,Monaco Grand Prix,1977-05-22,,,,,,,,,,,
548,549,1977,7,40,Belgian Grand Prix,1977-06-05,,,,,,,,,,,
549,550,1977,8,47,Swedish Grand Prix,1977-06-19,,,,,,,,,,,
550,551,1977,9,41,French Grand Prix,1977-07-03,,,,,,,,,,,
551,552,1977,10,9,British Grand Prix,1977-07-16,,,,,,,,,,,
552,553,1977,11,10,German Grand Prix,1977-07-31,,,,,,,,,,,
553,554,1977,12,70,Austrian Grand Prix,1977-08-14,,,,,,,,,,,
554,555,1977,13,39,Dutch Grand Prix,1977-08-28,,,,,,,,,,,
555,556,1977,14,14,Italian Grand Prix,1977-09-11,,,,,,,,,,,
556,557,1977,15,46,United States Grand Prix,1977-10-02,,,,,,,,,,,
557,558,1977,16,48,Canadian Grand Prix,1977-10-09,,,,,,,,,,,
558,559,1977,17,16,Japanese Grand Prix,1977-10-23,,,,,,,,,,,
559,560,1976,1,18,Brazilian Grand Prix,1976-01-25,,,,,,,,,,,
560,561,1976,2,30,South African Grand Prix,1976-03-06,,,,,,,,,,,
561,562,1976,3,43,United States Grand Prix West,1976-03-28,,,,,,,,,,,
562,563,1976,4,45,Spanish Grand Prix,1976-05-02,,,,,,,,,,,
563,564,1976,5,40,Belgian Grand Prix,1976-05-16,,,,,,,,,,,
564,565,1976,6,6,Monaco Grand Prix,1976-05-30,,,,,,,,,,,
565,566,1976,7,47,Swedish Grand Prix,1976-06-13,,,,,,,,,,,
566,567,1976,8,34,French Grand Prix,1976-07-04,,,,,,,,,,,
567,568,1976,9,38,British Grand Prix,1976-07-18,,,,,,,,,,,
568,569,1976,10,20,German Grand Prix,1976-08-01,,,,,,,,,,,
569,570,1976,11,70,Austrian Grand Prix,1976-08-15,,,,,,,,,,,
570,571,1976,12,39,Dutch Grand Prix,1976-08-29,,,,,,,,,,,
571,572,1976,13,14,Italian Grand Prix,1976-09-12,,,,,,,,,,,
572,573,1976,14,48,Canadian Grand Prix,1976-10-03,,,,,,,,,,,
573,574,1976,15,46,United States Grand Prix,1976-10-10,,,,,,,,,,,
574,575,1976,16,16,Japanese Grand Prix,1976-10-24,,,,,,,,,,,
575,576,1975,1,25,Argentine Grand Prix,1975-01-12,,,,,,,,,,,
576,577,1975,2,18,Brazilian Grand Prix,1975-01-26,,,,,,,,,,,
577,578,1975,3,30,South African Grand Prix,1975-03-01,,,,,,,,,,,
578,579,1975,4,49,Spanish Grand Prix,1975-04-27,,,,,,,,,,,
579,580,1975,5,6,Monaco Grand Prix,1975-05-11,,,,,,,,,,,
580,581,1975,6,40,Belgian Grand Prix,1975-05-25,,,,,,,,,,,
581,582,1975,7,47,Swedish Grand Prix,1975-06-08,,,,,,,,,,,
582,583,1975,8,39,Dutch Grand Prix,1975-06-22,,,,,,,,,,,
583,584,1975,9,34,French Grand Prix,1975-07-06,,,,,,,,,,,
584,585,1975,10,9,British Grand Prix,1975-07-19,,,,,,,,,,,
585,586,1975,11,20,German Grand Prix,1975-08-03,,,,,,,,,,,
586,587,1975,12,70,Austrian Grand Prix,1975-08-17,,,,,,,,,,,
587,588,1975,13,14,Italian Grand Prix,1975-09-07,,,,,,,,,,,
588,589,1975,14,46,United States Grand Prix,1975-10-05,,,,,,,,,,,
589,590,1974,1,25,Argentine Grand Prix,1974-01-13,,,,,,,,,,,
590,591,1974,2,18,Brazilian Grand Prix,1974-01-27,,,,,,,,,,,
591,592,1974,3,30,South African Grand Prix,1974-03-30,,,,,,,,,,,
592,593,1974,4,45,Spanish Grand Prix,1974-04-28,,,,,,,,,,,
593,594,1974,5,50,Belgian Grand Prix,1974-05-12,,,,,,,,,,,
594,595,1974,6,6,Monaco Grand Prix,1974-05-26,,,,,,,,,,,
595,596,1974,7,47,Swedish Grand Prix,1974-06-09,,,,,,,,,,,
596,597,1974,8,39,Dutch Grand Prix,1974-06-23,,,,,,,,,,,
597,598,1974,9,41,French Grand Prix,1974-07-07,,,,,,,,,,,
598,599,1974,10,38,British Grand Prix,1974-07-20,,,,,,,,,,,
599,600,1974,11,20,German Grand Prix,1974-08-04,,,,,,,,,,,
600,601,1974,12,70,Austrian Grand Prix,1974-08-18,,,,,,,,,,,
601,602,1974,13,14,Italian Grand Prix,1974-09-08,,,,,,,,,,,
602,603,1974,14,48,Canadian Grand Prix,1974-09-22,,,,,,,,,,,
603,604,1974,15,46,United States Grand Prix,1974-10-06,,,,,,,,,,,
604,605,1973,1,25,Argentine Grand Prix,1973-01-28,,,,,,,,,,,
605,606,1973,2,18,Brazilian Grand Prix,1973-02-11,,,,,,,,,,,
606,607,1973,3,30,South African Grand Prix,1973-03-03,,,,,,,,,,,
607,608,1973,4,49,Spanish Grand Prix,1973-04-29,,,,,,,,,,,
608,609,1973,5,40,Belgian Grand Prix,1973-05-20,,,,,,,,,,,
609,610,1973,6,6,Monaco Grand Prix,1973-06-03,,,,,,,,,,,
610,611,1973,7,47,Swedish Grand Prix,1973-06-17,,,,,,,,,,,
611,612,1973,8,34,French Grand Prix,1973-07-01,,,,,,,,,,,
612,613,1973,9,9,British Grand Prix,1973-07-14,,,,,,,,,,,
613,614,1973,10,39,Dutch Grand Prix,1973-07-29,,,,,,,,,,,
614,615,1973,11,20,German Grand Prix,1973-08-05,,,,,,,,,,,
615,616,1973,12,70,Austrian Grand Prix,1973-08-19,,,,,,,,,,,
616,617,1973,13,14,Italian Grand Prix,1973-09-09,,,,,,,,,,,
617,618,1973,14,48,Canadian Grand Prix,1973-09-23,,,,,,,,,,,
618,619,1973,15,46,United States Grand Prix,1973-10-07,,,,,,,,,,,
619,620,1972,1,25,Argentine Grand Prix,1972-01-23,,,,,,,,,,,
620,621,1972,2,30,South African Grand Prix,1972-03-04,,,,,,,,,,,
621,622,1972,3,45,Spanish Grand Prix,1972-05-01,,,,,,,,,,,
622,623,1972,4,6,Monaco Grand Prix,1972-05-14,,,,,,,,,,,
623,624,1972,5,50,Belgian Grand Prix,1972-06-04,,,,,,,,,,,
624,625,1972,6,51,French Grand Prix,1972-07-02,,,,,,,,,,,
625,626,1972,7,38,British Grand Prix,1972-07-15,,,,,,,,,,,
626,627,1972,8,20,German Grand Prix,1972-07-30,,,,,,,,,,,
627,628,1972,9,70,Austrian Grand Prix,1972-08-13,,,,,,,,,,,
628,629,1972,10,14,Italian Grand Prix,1972-09-10,,,,,,,,,,,
629,630,1972,11,48,Canadian Grand Prix,1972-09-24,,,,,,,,,,,
630,631,1972,12,46,United States Grand Prix,1972-10-08,,,,,,,,,,,
631,632,1971,1,30,South African Grand Prix,1971-03-06,,,,,,,,,,,
632,633,1971,2,49,Spanish Grand Prix,1971-04-18,,,,,,,,,,,
633,634,1971,3,6,Monaco Grand Prix,1971-05-23,,,,,,,,,,,
634,635,1971,4,39,Dutch Grand Prix,1971-06-20,,,,,,,,,,,
635,636,1971,5,34,French Grand Prix,1971-07-04,,,,,,,,,,,
636,637,1971,6,9,British Grand Prix,1971-07-17,,,,,,,,,,,
637,638,1971,7,20,German Grand Prix,1971-08-01,,,,,,,,,,,
638,639,1971,8,70,Austrian Grand Prix,1971-08-15,,,,,,,,,,,
639,640,1971,9,14,Italian Grand Prix,1971-09-05,,,,,,,,,,,
640,641,1971,10,48,Canadian Grand Prix,1971-09-19,,,,,,,,,,,
641,642,1971,11,46,United States Grand Prix,1971-10-03,,,,,,,,,,,
642,643,1970,1,30,South African Grand Prix,1970-03-07,,,,,,,,,,,
643,644,1970,2,45,Spanish Grand Prix,1970-04-19,,,,,,,,,,,
644,645,1970,3,6,Monaco Grand Prix,1970-05-10,,,,,,,,,,,
645,646,1970,4,13,Belgian Grand Prix,1970-06-07,,,,,,,,,,,
646,647,1970,5,39,Dutch Grand Prix,1970-06-21,,,,,,,,,,,
647,648,1970,6,51,French Grand Prix,1970-07-05,,,,,,,,,,,
648,649,1970,7,38,British Grand Prix,1970-07-18,,,,,,,,,,,
649,650,1970,8,10,German Grand Prix,1970-08-02,,,,,,,,,,,
650,651,1970,9,70,Austrian Grand Prix,1970-08-16,,,,,,,,,,,
651,652,1970,10,14,Italian Grand Prix,1970-09-06,,,,,,,,,,,
652,653,1970,11,52,Canadian Grand Prix,1970-09-20,,,,,,,,,,,
653,654,1970,12,46,United States Grand Prix,1970-10-04,,,,,,,,,,,
654,655,1970,13,32,Mexican Grand Prix,1970-10-25,,,,,,,,,,,
655,656,1969,1,30,South African Grand Prix,1969-03-01,,,,,,,,,,,
656,657,1969,2,49,Spanish Grand Prix,1969-05-04,,,,,,,,,,,
657,658,1969,3,6,Monaco Grand Prix,1969-05-18,,,,,,,,,,,
658,659,1969,4,39,Dutch Grand Prix,1969-06-21,,,,,,,,,,,
659,660,1969,5,51,French Grand Prix,1969-07-06,,,,,,,,,,,
660,661,1969,6,9,British Grand Prix,1969-07-19,,,,,,,,,,,
661,662,1969,7,20,German Grand Prix,1969-08-03,,,,,,,,,,,
662,663,1969,8,14,Italian Grand Prix,1969-09-07,,,,,,,,,,,
663,664,1969,9,48,Canadian Grand Prix,1969-09-20,,,,,,,,,,,
664,665,1969,10,46,United States Grand Prix,1969-10-05,,,,,,,,,,,
665,666,1969,11,32,Mexican Grand Prix,1969-10-19,,,,,,,,,,,
666,667,1968,1,30,South African Grand Prix,1968-01-01,,,,,,,,,,,
667,668,1968,2,45,Spanish Grand Prix,1968-05-12,,,,,,,,,,,
668,669,1968,3,6,Monaco Grand Prix,1968-05-26,,,,,,,,,,,
669,670,1968,4,13,Belgian Grand Prix,1968-06-09,,,,,,,,,,,
670,671,1968,5,39,Dutch Grand Prix,1968-06-23,,,,,,,,,,,
671,672,1968,6,53,French Grand Prix,1968-07-07,,,,,,,,,,,
672,673,1968,7,38,British Grand Prix,1968-07-20,,,,,,,,,,,
673,674,1968,8,20,German Grand Prix,1968-08-04,,,,,,,,,,,
674,675,1968,9,14,Italian Grand Prix,1968-09-08,,,,,,,,,,,
675,676,1968,10,52,Canadian Grand Prix,1968-09-22,,,,,,,,,,,
676,677,1968,11,46,United States Grand Prix,1968-10-06,,,,,,,,,,,
677,678,1968,12,32,Mexican Grand Prix,1968-11-03,,,,,,,,,,,
678,679,1967,1,30,South African Grand Prix,1967-01-02,,,,,,,,,,,
679,680,1967,2,6,Monaco Grand Prix,1967-05-07,,,,,,,,,,,
680,681,1967,3,39,Dutch Grand Prix,1967-06-04,,,,,,,,,,,
681,682,1967,4,13,Belgian Grand Prix,1967-06-18,,,,,,,,,,,
682,683,1967,5,54,French Grand Prix,1967-07-02,,,,,,,,,,,
683,684,1967,6,9,British Grand Prix,1967-07-15,,,,,,,,,,,
684,685,1967,7,20,German Grand Prix,1967-08-06,,,,,,,,,,,
685,686,1967,8,48,Canadian Grand Prix,1967-08-27,,,,,,,,,,,
686,687,1967,9,14,Italian Grand Prix,1967-09-10,,,,,,,,,,,
687,688,1967,10,46,United States Grand Prix,1967-10-01,,,,,,,,,,,
688,689,1967,11,32,Mexican Grand Prix,1967-10-22,,,,,,,,,,,
689,690,1966,1,6,Monaco Grand Prix,1966-05-22,,,,,,,,,,,
690,691,1966,2,13,Belgian Grand Prix,1966-06-12,,,,,,,,,,,
691,692,1966,3,55,French Grand Prix,1966-07-03,,,,,,,,,,,
692,693,1966,4,38,British Grand Prix,1966-07-16,,,,,,,,,,,
693,694,1966,5,39,Dutch Grand Prix,1966-07-24,,,,,,,,,,,
694,695,1966,6,20,German Grand Prix,1966-08-07,,,,,,,,,,,
695,696,1966,7,14,Italian Grand Prix,1966-09-04,,,,,,,,,,,
696,697,1966,8,46,United States Grand Prix,1966-10-02,,,,,,,,,,,
697,698,1966,9,32,Mexican Grand Prix,1966-10-23,,,,,,,,,,,
698,699,1965,1,56,South African Grand Prix,1965-01-01,,,,,,,,,,,
699,700,1965,2,6,Monaco Grand Prix,1965-05-30,,,,,,,,,,,
700,701,1965,3,13,Belgian Grand Prix,1965-06-13,,,,,,,,,,,
701,702,1965,4,51,French Grand Prix,1965-06-27,,,,,,,,,,,
702,703,1965,5,9,British Grand Prix,1965-07-10,,,,,,,,,,,
703,704,1965,6,39,Dutch Grand Prix,1965-07-18,,,,,,,,,,,
704,705,1965,7,20,German Grand Prix,1965-08-01,,,,,,,,,,,
705,706,1965,8,14,Italian Grand Prix,1965-09-12,,,,,,,,,,,
706,707,1965,9,46,United States Grand Prix,1965-10-03,,,,,,,,,,,
707,708,1965,10,32,Mexican Grand Prix,1965-10-24,,,,,,,,,,,
708,709,1964,1,6,Monaco Grand Prix,1964-05-10,,,,,,,,,,,
709,710,1964,2,39,Dutch Grand Prix,1964-05-24,,,,,,,,,,,
710,711,1964,3,13,Belgian Grand Prix,1964-06-14,,,,,,,,,,,
711,712,1964,4,53,French Grand Prix,1964-06-28,,,,,,,,,,,
712,713,1964,5,38,British Grand Prix,1964-07-11,,,,,,,,,,,
713,714,1964,6,20,German Grand Prix,1964-08-02,,,,,,,,,,,
714,715,1964,7,57,Austrian Grand Prix,1964-08-23,,,,,,,,,,,
715,716,1964,8,14,Italian Grand Prix,1964-09-06,,,,,,,,,,,
716,717,1964,9,46,United States Grand Prix,1964-10-04,,,,,,,,,,,
717,718,1964,10,32,Mexican Grand Prix,1964-10-25,,,,,,,,,,,
718,719,1963,1,6,Monaco Grand Prix,1963-05-26,,,,,,,,,,,
719,720,1963,2,13,Belgian Grand Prix,1963-06-09,,,,,,,,,,,
720,721,1963,3,39,Dutch Grand Prix,1963-06-23,,,,,,,,,,,
721,722,1963,4,55,French Grand Prix,1963-06-30,,,,,,,,,,,
722,723,1963,5,9,British Grand Prix,1963-07-20,,,,,,,,,,,
723,724,1963,6,20,German Grand Prix,1963-08-04,,,,,,,,,,,
724,725,1963,7,14,Italian Grand Prix,1963-09-08,,,,,,,,,,,
725,726,1963,8,46,United States Grand Prix,1963-10-06,,,,,,,,,,,
726,727,1963,9,32,Mexican Grand Prix,1963-10-27,,,,,,,,,,,
727,728,1963,10,56,South African Grand Prix,1963-12-28,,,,,,,,,,,
728,729,1962,1,39,Dutch Grand Prix,1962-05-20,,,,,,,,,,,
729,730,1962,2,6,Monaco Grand Prix,1962-06-03,,,,,,,,,,,
730,731,1962,3,13,Belgian Grand Prix,1962-06-17,,,,,,,,,,,
731,732,1962,4,53,French Grand Prix,1962-07-08,,,,,,,,,,,
732,733,1962,5,58,British Grand Prix,1962-07-21,,,,,,,,,,,
733,734,1962,6,20,German Grand Prix,1962-08-05,,,,,,,,,,,
734,735,1962,7,14,Italian Grand Prix,1962-09-16,,,,,,,,,,,
735,736,1962,8,46,United States Grand Prix,1962-10-07,,,,,,,,,,,
736,737,1962,9,56,South African Grand Prix,1962-12-29,,,,,,,,,,,
737,738,1961,1,6,Monaco Grand Prix,1961-05-14,,,,,,,,,,,
738,739,1961,2,39,Dutch Grand Prix,1961-05-22,,,,,,,,,,,
739,740,1961,3,13,Belgian Grand Prix,1961-06-18,,,,,,,,,,,
740,741,1961,4,55,French Grand Prix,1961-07-02,,,,,,,,,,,
741,742,1961,5,58,British Grand Prix,1961-07-15,,,,,,,,,,,
742,743,1961,6,20,German Grand Prix,1961-08-06,,,,,,,,,,,
743,744,1961,7,14,Italian Grand Prix,1961-09-10,,,,,,,,,,,
744,745,1961,8,46,United States Grand Prix,1961-10-08,,,,,,,,,,,
745,746,1960,1,25,Argentine Grand Prix,1960-02-07,,,,,,,,,,,
746,747,1960,2,6,Monaco Grand Prix,1960-05-29,,,,,,,,,,,
747,748,1960,3,19,Indianapolis 500,1960-05-30,,,,,,,,,,,
748,749,1960,4,39,Dutch Grand Prix,1960-06-06,,,,,,,,,,,
749,750,1960,5,13,Belgian Grand Prix,1960-06-19,,,,,,,,,,,
750,751,1960,6,55,French Grand Prix,1960-07-03,,,,,,,,,,,
751,752,1960,7,9,British Grand Prix,1960-07-16,,,,,,,,,,,
752,753,1960,8,59,Portuguese Grand Prix,1960-08-14,,,,,,,,,,,
753,754,1960,9,14,Italian Grand Prix,1960-09-04,,,,,,,,,,,
754,755,1960,10,60,United States Grand Prix,1960-11-20,,,,,,,,,,,
755,756,1959,1,6,Monaco Grand Prix,1959-05-10,,,,,,,,,,,
756,757,1959,2,19,Indianapolis 500,1959-05-30,,,,,,,,,,,
757,758,1959,3,39,Dutch Grand Prix,1959-05-31,,,,,,,,,,,
758,759,1959,4,55,French Grand Prix,1959-07-05,,,,,,,,,,,
759,760,1959,5,58,British Grand Prix,1959-07-18,,,,,,,,,,,
760,761,1959,6,61,German Grand Prix,1959-08-02,,,,,,,,,,,
761,762,1959,7,62,Portuguese Grand Prix,1959-08-23,,,,,,,,,,,
762,763,1959,8,14,Italian Grand Prix,1959-09-13,,,,,,,,,,,
763,764,1959,9,63,United States Grand Prix,1959-12-12,,,,,,,,,,,
764,765,1958,1,25,Argentine Grand Prix,1958-01-19,,,,,,,,,,,
765,766,1958,2,6,Monaco Grand Prix,1958-05-18,,,,,,,,,,,
766,767,1958,3,39,Dutch Grand Prix,1958-05-26,,,,,,,,,,,
767,768,1958,4,19,Indianapolis 500,1958-05-30,,,,,,,,,,,
768,769,1958,5,13,Belgian Grand Prix,1958-06-15,,,,,,,,,,,
769,770,1958,6,55,French Grand Prix,1958-07-06,,,,,,,,,,,
770,771,1958,7,9,British Grand Prix,1958-07-19,,,,,,,,,,,
771,772,1958,8,20,German Grand Prix,1958-08-03,,,,,,,,,,,
772,773,1958,9,59,Portuguese Grand Prix,1958-08-24,,,,,,,,,,,
773,774,1958,10,14,Italian Grand Prix,1958-09-07,,,,,,,,,,,
774,775,1958,11,64,Moroccan Grand Prix,1958-10-19,,,,,,,,,,,
775,776,1957,1,25,Argentine Grand Prix,1957-01-13,,,,,,,,,,,
776,777,1957,2,6,Monaco Grand Prix,1957-05-19,,,,,,,,,,,
777,778,1957,3,19,Indianapolis 500,1957-05-30,,,,,,,,,,,
778,779,1957,4,53,French Grand Prix,1957-07-07,,,,,,,,,,,
779,780,1957,5,58,British Grand Prix,1957-07-20,,,,,,,,,,,
780,781,1957,6,20,German Grand Prix,1957-08-04,,,,,,,,,,,
781,782,1957,7,65,Pescara Grand Prix,1957-08-18,,,,,,,,,,,
782,783,1957,8,14,Italian Grand Prix,1957-09-08,,,,,,,,,,,
783,784,1956,1,25,Argentine Grand Prix,1956-01-22,,,,,,,,,,,
784,785,1956,2,6,Monaco Grand Prix,1956-05-13,,,,,,,,,,,
785,786,1956,3,19,Indianapolis 500,1956-05-30,,,,,,,,,,,
786,787,1956,4,13,Belgian Grand Prix,1956-06-03,,,,,,,,,,,
787,788,1956,5,55,French Grand Prix,1956-07-01,,,,,,,,,,,
788,789,1956,6,9,British Grand Prix,1956-07-14,,,,,,,,,,,
789,790,1956,7,20,German Grand Prix,1956-08-05,,,,,,,,,,,
790,791,1956,8,14,Italian Grand Prix,1956-09-02,,,,,,,,,,,
791,792,1955,1,25,Argentine Grand Prix,1955-01-16,,,,,,,,,,,
792,793,1955,2,6,Monaco Grand Prix,1955-05-22,,,,,,,,,,,
793,794,1955,3,19,Indianapolis 500,1955-05-30,,,,,,,,,,,
794,795,1955,4,13,Belgian Grand Prix,1955-06-05,,,,,,,,,,,
795,796,1955,5,39,Dutch Grand Prix,1955-06-19,,,,,,,,,,,
796,797,1955,6,58,British Grand Prix,1955-07-16,,,,,,,,,,,
797,798,1955,7,14,Italian Grand Prix,1955-09-11,,,,,,,,,,,
798,799,1954,1,25,Argentine Grand Prix,1954-01-17,,,,,,,,,,,
799,800,1954,2,19,Indianapolis 500,1954-05-31,,,,,,,,,,,
800,801,1954,3,13,Belgian Grand Prix,1954-06-20,,,,,,,,,,,
801,802,1954,4,55,French Grand Prix,1954-07-04,,,,,,,,,,,
802,803,1954,5,9,British Grand Prix,1954-07-17,,,,,,,,,,,
803,804,1954,6,20,German Grand Prix,1954-08-01,,,,,,,,,,,
804,805,1954,7,66,Swiss Grand Prix,1954-08-22,,,,,,,,,,,
805,806,1954,8,14,Italian Grand Prix,1954-09-05,,,,,,,,,,,
806,807,1954,9,67,Spanish Grand Prix,1954-10-24,,,,,,,,,,,
807,808,1953,1,25,Argentine Grand Prix,1953-01-18,,,,,,,,,,,
808,809,1953,2,19,Indianapolis 500,1953-05-30,,,,,,,,,,,
809,810,1953,3,39,Dutch Grand Prix,1953-06-07,,,,,,,,,,,
810,811,1953,4,13,Belgian Grand Prix,1953-06-21,,,,,,,,,,,
811,812,1953,5,55,French Grand Prix,1953-07-05,,,,,,,,,,,
812,813,1953,6,9,British Grand Prix,1953-07-18,,,,,,,,,,,
813,814,1953,7,20,German Grand Prix,1953-08-02,,,,,,,,,,,
814,815,1953,8,66,Swiss Grand Prix,1953-08-23,,,,,,,,,,,
815,816,1953,9,14,Italian Grand Prix,1953-09-13,,,,,,,,,,,
816,817,1952,1,66,Swiss Grand Prix,1952-05-18,,,,,,,,,,,
817,818,1952,2,19,Indianapolis 500,1952-05-30,,,,,,,,,,,
818,819,1952,3,13,Belgian Grand Prix,1952-06-22,,,,,,,,,,,
819,820,1952,4,53,French Grand Prix,1952-07-06,,,,,,,,,,,
820,821,1952,5,9,British Grand Prix,1952-07-19,,,,,,,,,,,
821,822,1952,6,20,German Grand Prix,1952-08-03,,,,,,,,,,,
822,823,1952,7,39,Dutch Grand Prix,1952-08-17,,,,,,,,,,,
823,824,1952,8,14,Italian Grand Prix,1952-09-07,,,,,,,,,,,
824,825,1951,1,66,Swiss Grand Prix,1951-05-27,,,,,,,,,,,
825,826,1951,2,19,Indianapolis 500,1951-05-30,,,,,,,,,,,
826,827,1951,3,13,Belgian Grand Prix,1951-06-17,,,,,,,,,,,
827,828,1951,4,55,French Grand Prix,1951-07-01,,,,,,,,,,,
828,829,1951,5,9,British Grand Prix,1951-07-14,,,,,,,,,,,
829,830,1951,6,20,German Grand Prix,1951-07-29,,,,,,,,,,,
830,831,1951,7,14,Italian Grand Prix,1951-09-16,,,,,,,,,,,
831,832,1951,8,67,Spanish Grand Prix,1951-10-28,,,,,,,,,,,
832,833,1950,1,9,British Grand Prix,1950-05-13,,,,,,,,,,,
833,834,1950,2,6,Monaco Grand Prix,1950-05-21,,,,,,,,,,,
834,835,1950,3,19,Indianapolis 500,1950-05-30,,,,,,,,,,,
835,836,1950,4,66,Swiss Grand Prix,1950-06-04,,,,,,,,,,,
836,837,1950,5,13,Belgian Grand Prix,1950-06-18,,,,,,,,,,,
837,838,1950,6,55,French Grand Prix,1950-07-02,,,,,,,,,,,
838,839,1950,7,14,Italian Grand Prix,1950-09-03,,,,,,,,,,,
839,841,2011,1,1,Australian Grand Prix,2011-03-27,,,,,,,,,,,
840,842,2011,2,2,Malaysian Grand Prix,2011-04-10,,,,,,,,,,,
841,843,2011,3,17,Chinese Grand Prix,2011-04-17,,,,,,,,,,,
842,844,2011,4,5,Turkish Grand Prix,2011-05-08,,,,,,,,,,,
843,845,2011,5,4,Spanish Grand Prix,2011-05-22,,,,,,,,,,,
844,846,2011,6,6,Monaco Grand Prix,2011-05-29,,,,,,,,,,,
845,847,2011,7,7,Canadian Grand Prix,2011-06-12,,,,,,,,,,,
846,848,2011,8,12,European Grand Prix,2011-06-26,,,,,,,,,,,
847,849,2011,9,9,British Grand Prix,2011-07-10,,,,,,,,,,,
848,850,2011,10,20,German Grand Prix,2011-07-24,,,,,,,,,,,
849,851,2011,11,11,Hungarian Grand Prix,2011-07-31,,,,,,,,,,,
850,852,2011,12,13,Belgian Grand Prix,2011-08-28,,,,,,,,,,,
851,853,2011,13,14,Italian Grand Prix,2011-09-11,,,,,,,,,,,
852,854,2011,14,15,Singapore Grand Prix,2011-09-25,,,,,,,,,,,
853,855,2011,15,22,Japanese Grand Prix,2011-10-09,,,,,,,,,,,
854,856,2011,16,35,Korean Grand Prix,2011-10-16,,,,,,,,,,,
855,857,2011,17,68,Indian Grand Prix,2011-10-30,,,,,,,,,,,
856,858,2011,18,24,Abu Dhabi Grand Prix,2011-11-13,,,,,,,,,,,
857,859,2011,19,18,Brazilian Grand Prix,2011-11-27,,,,,,,,,,,
858,860,2012,1,1,Australian Grand Prix,2012-03-18,,,,,,,,,,,
859,861,2012,2,2,Malaysian Grand Prix,2012-03-25,,,,,,,,,,,
860,862,2012,3,17,Chinese Grand Prix,2012-04-15,,,,,,,,,,,
861,863,2012,4,3,Bahrain Grand Prix,2012-04-22,,,,,,,,,,,
862,864,2012,5,4,Spanish Grand Prix,2012-05-13,,,,,,,,,,,
863,865,2012,6,6,Monaco Grand Prix,2012-05-27,,,,,,,,,,,
864,866,2012,7,7,Canadian Grand Prix,2012-06-10,,,,,,,,,,,
865,867,2012,8,12,European Grand Prix,2012-06-24,,,,,,,,,,,
866,868,2012,9,9,British Grand Prix,2012-07-08,,,,,,,,,,,
867,869,2012,10,10,German Grand Prix,2012-07-22,,,,,,,,,,,
868,870,2012,11,11,Hungarian Grand Prix,2012-07-29,,,,,,,,,,,
869,871,2012,12,13,Belgian Grand Prix,2012-09-02,,,,,,,,,,,
870,872,2012,13,14,Italian Grand Prix,2012-09-09,,,,,,,,,,,
871,873,2012,14,15,Singapore Grand Prix,2012-09-23,,,,,,,,,,,
872,874,2012,15,22,Japanese Grand Prix,2012-10-07,,,,,,,,,,,
873,875,2012,16,35,Korean Grand Prix,2012-10-14,,,,,,,,,,,
874,876,2012,17,68,Indian Grand Prix,2012-10-28,,,,,,,,,,,
875,877,2012,18,24,Abu Dhabi Grand Prix,2012-11-04,,,,,,,,,,,
876,878,2012,19,69,United States Grand Prix,2012-11-18,,,,,,,,,,,
877,879,2012,20,18,Brazilian Grand Prix,2012-11-25,,,,,,,,,,,
878,880,2013,1,1,Australian Grand Prix,2013-03-17,,,,,,,,,,,
879,881,2013,2,2,Malaysian Grand Prix,2013-03-24,,,,,,,,,,,
880,882,2013,3,17,Chinese Grand Prix,2013-04-14,,,,,,,,,,,
881,883,2013,4,3,Bahrain Grand Prix,2013-04-21,,,,,,,,,,,
882,884,2013,5,4,Spanish Grand Prix,2013-05-12,,,,,,,,,,,
883,885,2013,6,6,Monaco Grand Prix,2013-05-26,,,,,,,,,,,
884,886,2013,7,7,Canadian Grand Prix,2013-06-09,,,,,,,,,,,
885,887,2013,8,9,British Grand Prix,2013-06-30,,,,,,,,,,,
886,888,2013,9,20,German Grand Prix,2013-07-07,,,,,,,,,,,
887,890,2013,10,11,Hungarian Grand Prix,2013-07-28,,,,,,,,,,,
888,891,2013,11,13,Belgian Grand Prix,2013-08-25,,,,,,,,,,,
889,892,2013,12,14,Italian Grand Prix,2013-09-08,,,,,,,,,,,
890,893,2013,13,15,Singapore Grand Prix,2013-09-22,,,,,,,,,,,
891,894,2013,14,35,Korean Grand Prix,2013-10-06,,,,,,,,,,,
892,895,2013,15,22,Japanese Grand Prix,2013-10-13,,,,,,,,,,,
893,896,2013,16,68,Indian Grand Prix,2013-10-27,,,,,,,,,,,
894,897,2013,17,24,Abu Dhabi Grand Prix,2013-11-03,,,,,,,,,,,
895,898,2013,18,69,United States Grand Prix,2013-11-17,,,,,,,,,,,
896,899,2013,19,18,Brazilian Grand Prix,2013-11-24,,,,,,,,,,,
897,900,2014,1,1,Australian Grand Prix,2014-03-16,,,,,,,,,,,
898,901,2014,2,2,Malaysian Grand Prix,2014-03-30,,,,,,,,,,,
899,902,2014,3,3,Bahrain Grand Prix,2014-04-06,,,,,,,,,,,
900,903,2014,4,17,Chinese Grand Prix,2014-04-20,,,,,,,,,,,
901,904,2014,5,4,Spanish Grand Prix,2014-05-11,,,,,,,,,,,
902,905,2014,6,6,Monaco Grand Prix,2014-05-25,,,,,,,,,,,
903,906,2014,7,7,Canadian Grand Prix,2014-06-08,,,,,,,,,,,
904,907,2014,8,70,Austrian Grand Prix,2014-06-22,,,,,,,,,,,
905,908,2014,9,9,British Grand Prix,2014-07-06,,,,,,,,,,,
906,909,2014,10,10,German Grand Prix,2014-07-20,,,,,,,,,,,
907,910,2014,11,11,Hungarian Grand Prix,2014-07-27,,,,,,,,,,,
908,911,2014,12,13,Belgian Grand Prix,2014-08-24,,,,,,,,,,,
909,912,2014,13,14,Italian Grand Prix,2014-09-07,,,,,,,,,,,
910,913,2014,14,15,Singapore Grand Prix,2014-09-21,,,,,,,,,,,
911,914,2014,15,22,Japanese Grand Prix,2014-10-05,,,,,,,,,,,
912,915,2014,16,71,Russian Grand Prix,2014-10-12,,,,,,,,,,,
913,916,2014,17,69,United States Grand Prix,2014-11-02,,,,,,,,,,,
914,917,2014,18,18,Brazilian Grand Prix,2014-11-09,,,,,,,,,,,
915,918,2014,19,24,Abu Dhabi Grand Prix,2014-11-23,,,,,,,,,,,
916,931,2015,6,6,Monaco Grand Prix,2015-05-24,,,,,,,,,,,
917,932,2015,7,7,Canadian Grand Prix,2015-06-07,,,,,,,,,,,
918,929,2015,4,3,Bahrain Grand Prix,2015-04-19,,,,,,,,,,,
919,930,2015,5,4,Spanish Grand Prix,2015-05-10,,,,,,,,,,,
920,928,2015,3,17,Chinese Grand Prix,2015-04-12,,,,,,,,,,,
921,926,2015,1,1,Australian Grand Prix,2015-03-15,,,,,,,,,,,
922,927,2015,2,2,Malaysian Grand Prix,2015-03-29,,,,,,,,,,,
923,933,2015,8,70,Austrian Grand Prix,2015-06-21,,,,,,,,,,,
924,934,2015,9,9,British Grand Prix,2015-07-05,,,,,,,,,,,
925,936,2015,10,11,Hungarian Grand Prix,2015-07-26,,,,,,,,,,,
926,937,2015,11,13,Belgian Grand Prix,2015-08-23,,,,,,,,,,,
927,938,2015,12,14,Italian Grand Prix,2015-09-06,,,,,,,,,,,
928,939,2015,13,15,Singapore Grand Prix,2015-09-20,,,,,,,,,,,
929,940,2015,14,22,Japanese Grand Prix,2015-09-27,,,,,,,,,,,
930,941,2015,15,71,Russian Grand Prix,2015-10-11,,,,,,,,,,,
931,942,2015,16,69,United States Grand Prix,2015-10-25,,,,,,,,,,,
932,943,2015,17,32,Mexican Grand Prix,2015-11-01,,,,,,,,,,,
933,944,2015,18,18,Brazilian Grand Prix,2015-11-15,,,,,,,,,,,
934,945,2015,19,24,Abu Dhabi Grand Prix,2015-11-29,,,,,,,,,,,
935,948,2016,1,1,Australian Grand Prix,2016-03-20,,,,,,,,,,,
936,949,2016,2,3,Bahrain Grand Prix,2016-04-03,,,,,,,,,,,
937,950,2016,3,17,Chinese Grand Prix,2016-04-17,,,,,,,,,,,
938,951,2016,4,71,Russian Grand Prix,2016-05-01,,,,,,,,,,,
939,952,2016,5,4,Spanish Grand Prix,2016-05-15,,,,,,,,,,,
940,953,2016,6,6,Monaco Grand Prix,2016-05-29,,,,,,,,,,,
941,954,2016,7,7,Canadian Grand Prix,2016-06-12,,,,,,,,,,,
942,955,2016,8,73,European Grand Prix,2016-06-19,,,,,,,,,,,
943,956,2016,9,70,Austrian Grand Prix,2016-07-03,,,,,,,,,,,
944,957,2016,10,9,British Grand Prix,2016-07-10,,,,,,,,,,,
945,958,2016,11,11,Hungarian Grand Prix,2016-07-24,,,,,,,,,,,
946,959,2016,12,10,German Grand Prix,2016-07-31,,,,,,,,,,,
947,960,2016,13,13,Belgian Grand Prix,2016-08-28,,,,,,,,,,,
948,961,2016,14,14,Italian Grand Prix,2016-09-04,,,,,,,,,,,
949,962,2016,15,15,Singapore Grand Prix,2016-09-18,,,,,,,,,,,
950,963,2016,16,2,Malaysian Grand Prix,2016-10-02,,,,,,,,,,,
951,964,2016,17,22,Japanese Grand Prix,2016-10-09,,,,,,,,,,,
952,965,2016,18,69,United States Grand Prix,2016-10-23,,,,,,,,,,,
953,966,2016,19,32,Mexican Grand Prix,2016-10-30,,,,,,,,,,,
954,967,2016,20,18,Brazilian Grand Prix,2016-11-13,,,,,,,,,,,
955,968,2016,21,24,Abu Dhabi Grand Prix,2016-11-27,,,,,,,,,,,
956,969,2017,1,1,Australian Grand Prix,2017-03-26,,,,,,,,,,,
957,970,2017,2,17,Chinese Grand Prix,2017-04-09,,,,,,,,,,,
958,971,2017,3,3,Bahrain Grand Prix,2017-04-16,,,,,,,,,,,
959,972,2017,4,71,Russian Grand Prix,2017-04-30,,,,,,,,,,,
960,973,2017,5,4,Spanish Grand Prix,2017-05-14,,,,,,,,,,,
961,974,2017,6,6,Monaco Grand Prix,2017-05-28,,,,,,,,,,,
962,975,2017,7,7,Canadian Grand Prix,2017-06-11,,,,,,,,,,,
963,976,2017,8,73,Azerbaijan Grand Prix,2017-06-25,,,,,,,,,,,
964,977,2017,9,70,Austrian Grand Prix,2017-07-09,,,,,,,,,,,
965,978,2017,10,9,British Grand Prix,2017-07-16,,,,,,,,,,,
966,979,2017,11,11,Hungarian Grand Prix,2017-07-30,,,,,,,,,,,
967,980,2017,12,13,Belgian Grand Prix,2017-08-27,,,,,,,,,,,
968,981,2017,13,14,Italian Grand Prix,2017-09-03,,,,,,,,,,,
969,982,2017,14,15,Singapore Grand Prix,2017-09-17,,,,,,,,,,,
970,983,2017,15,2,Malaysian Grand Prix,2017-10-01,,,,,,,,,,,
971,984,2017,16,22,Japanese Grand Prix,2017-10-08,,,,,,,,,,,
972,985,2017,17,69,United States Grand Prix,2017-10-22,,,,,,,,,,,
973,986,2017,18,32,Mexican Grand Prix,2017-10-29,,,,,,,,,,,
974,987,2017,19,18,Brazilian Grand Prix,2017-11-12,,,,,,,,,,,
975,988,2017,20,24,Abu Dhabi Grand Prix,2017-11-26,,,,,,,,,,,
976,989,2018,1,1,Australian Grand Prix,2018-03-25,,,,,,,,,,,
977,990,2018,2,3,Bahrain Grand Prix,2018-04-08,,,,,,,,,,,
978,991,2018,3,17,Chinese Grand Prix,2018-04-15,,,,,,,,,,,
979,992,2018,4,73,Azerbaijan Grand Prix,2018-04-29,,,,,,,,,,,
980,993,2018,5,4,Spanish Grand Prix,2018-05-13,,,,,,,,,,,
981,994,2018,6,6,Monaco Grand Prix,2018-05-27,,,,,,,,,,,
982,995,2018,7,7,Canadian Grand Prix,2018-06-10,,,,,,,,,,,
983,996,2018,8,34,French Grand Prix,2018-06-24,,,,,,,,,,,
984,997,2018,9,70,Austrian Grand Prix,2018-07-01,,,,,,,,,,,
985,998,2018,10,9,British Grand Prix,2018-07-08,,,,,,,,,,,
986,999,2018,11,10,German Grand Prix,2018-07-22,,,,,,,,,,,
987,1000,2018,12,11,Hungarian Grand Prix,2018-07-29,,,,,,,,,,,
988,1001,2018,13,13,Belgian Grand Prix,2018-08-26,,,,,,,,,,,
989,1002,2018,14,14,Italian Grand Prix,2018-09-02,,,,,,,,,,,
990,1003,2018,15,15,Singapore Grand Prix,2018-09-16,,,,,,,,,,,
991,1004,2018,16,71,Russian Grand Prix,2018-09-30,,,,,,,,,,,
992,1005,2018,17,22,Japanese Grand Prix,2018-10-07,,,,,,,,,,,
993,1006,2018,18,69,United States Grand Prix,2018-10-21,,,,,,,,,,,
994,1007,2018,19,32,Mexican Grand Prix,2018-10-28,,,,,,,,,,,
995,1008,2018,20,18,Brazilian Grand Prix,2018-11-11,,,,,,,,,,,
996,1009,2018,21,24,Abu Dhabi Grand Prix,2018-11-25,,,,,,,,,,,
997,1010,2019,1,1,Australian Grand Prix,2019-03-17,,,,,,,,,,,
998,1011,2019,2,3,Bahrain Grand Prix,2019-03-31,,,,,,,,,,,
999,1012,2019,3,17,Chinese Grand Prix,2019-04-14,,,,,,,,,,,
1000,1013,2019,4,73,Azerbaijan Grand Prix,2019-04-28,,,,,,,,,,,
1001,1014,2019,5,4,Spanish Grand Prix,2019-05-12,,,,,,,,,,,
1002,1015,2019,6,6,Monaco Grand Prix,2019-05-26,,,,,,,,,,,
1003,1016,2019,7,7,Canadian Grand Prix,2019-06-09,,,,,,,,,,,
1004,1017,2019,8,34,French Grand Prix,2019-06-23,,,,,,,,,,,
1005,1018,2019,9,70,Austrian Grand Prix,2019-06-30,,,,,,,,,,,
1006,1019,2019,10,9,British Grand Prix,2019-07-14,,,,,,,,,,,
1007,1020,2019,11,10,German Grand Prix,2019-07-28,,,,,,,,,,,
1008,1021,2019,12,11,Hungarian Grand Prix,2019-08-04,,,,,,,,,,,
1009,1022,2019,13,13,Belgian Grand Prix,2019-09-01,,,,,,,,,,,
1010,1023,2019,14,14,Italian Grand Prix,2019-09-08,,,,,,,,,,,
1011,1024,2019,15,15,Singapore Grand Prix,2019-09-22,,,,,,,,,,,
1012,1025,2019,16,71,Russian Grand Prix,2019-09-29,,,,,,,,,,,
1013,1026,2019,17,22,Japanese Grand Prix,2019-10-13,,,,,,,,,,,
1014,1027,2019,18,32,Mexican Grand Prix,2019-10-27,,,,,,,,,,,
1015,1028,2019,19,69,United States Grand Prix,2019-11-03,,,,,,,,,,,
1016,1029,2019,20,18,Brazilian Grand Prix,2019-11-17,,,,,,,,,,,
1017,1030,2019,21,24,Abu Dhabi Grand Prix,2019-12-01,,,,,,,,,,,
1018,1031,2020,1,70,Austrian Grand Prix,2020-07-05,,,,,,,,,,,
1019,1032,2020,2,70,Styrian Grand Prix,2020-07-12,,,,,,,,,,,
1020,1033,2020,3,11,Hungarian Grand Prix,2020-07-19,,,,,,,,,,,
1021,1034,2020,4,9,British Grand Prix,2020-08-02,,,,,,,,,,,
1022,1035,2020,5,9,70th Anniversary Grand Prix,2020-08-09,,,,,,,,,,,
1023,1036,2020,6,4,Spanish Grand Prix,2020-08-16,,,,,,,,,,,
1024,1037,2020,7,13,Belgian Grand Prix,2020-08-30,,,,,,,,,,,
1025,1038,2020,8,14,Italian Grand Prix,2020-09-06,,,,,,,,,,,
1026,1039,2020,9,76,Tuscan Grand Prix,2020-09-13,,,,,,,,,,,
1027,1040,2020,10,71,Russian Grand Prix,2020-09-27,,,,,,,,,,,
1028,1041,2020,11,20,Eifel Grand Prix,2020-10-11,,,,,,,,,,,
1029,1042,2020,12,75,Portuguese Grand Prix,2020-10-25,,,,,,,,,,,
1030,1043,2020,13,21,Emilia Romagna Grand Prix,2020-11-01,,,,,,,,,,,
1031,1044,2020,14,5,Turkish Grand Prix,2020-11-15,,,,,,,,,,,
1032,1045,2020,15,3,Bahrain Grand Prix,2020-11-29,,,,,,,,,,,
1033,1046,2020,16,3,Sakhir Grand Prix,2020-12-06,,,,,,,,,,,
1034,1047,2020,17,24,Abu Dhabi Grand Prix,2020-12-13,,,,,,,,,,,
1035,1053,2021,2,21,Emilia Romagna Grand Prix,2021-04-18,,2021-04-16,,2021-04-16,,2021-04-17,,2021-04-17,,,
1036,1074,2022,1,3,Bahrain Grand Prix,2022-03-20,,2022-03-18,,2022-03-18,,2022-03-19,,2022-03-19,,,
1037,1052,2021,1,3,Bahrain Grand Prix,2021-03-28,,2021-03-26,,2021-03-26,,2021-03-27,,2021-03-27,,,
1038,1051,2021,20,78,Qatar Grand Prix,2021-11-21,,2021-11-19,,2021-11-19,,2021-11-20,,2021-11-20,,,
1039,1054,2021,3,75,Portuguese Grand Prix,2021-05-02,,2021-04-30,,2021-04-30,,2021-05-01,,2021-05-01,,,
1040,1055,2021,4,4,Spanish Grand Prix,2021-05-09,,2021-05-07,,2021-05-07,,2021-05-08,,2021-05-08,,,
1041,1056,2021,5,6,Monaco Grand Prix,2021-05-23,,2021-05-21,,2021-05-21,,2021-05-22,,2021-05-22,,,
1042,1057,2021,6,73,Azerbaijan Grand Prix,2021-06-06,,2021-06-04,,2021-06-04,,2021-06-05,,2021-06-05,,,
1043,1058,2021,8,70,Styrian Grand Prix,2021-06-27,,2021-06-25,,2021-06-25,,2021-06-26,,2021-06-26,,,
1044,1059,2021,7,34,French Grand Prix,2021-06-20,,2021-06-18,,2021-06-18,,2021-06-19,,2021-06-19,,,
1045,1060,2021,9,70,Austrian Grand Prix,2021-07-04,,2021-07-02,,2021-07-02,,2021-07-03,,2021-07-03,,,
1046,1061,2021,10,9,British Grand Prix,2021-07-18,,2021-07-16,,2021-07-17,,,,2021-07-16,,2021-07-17,
1047,1062,2021,11,11,Hungarian Grand Prix,2021-08-01,,2021-07-30,,2021-07-30,,2021-07-31,,2021-07-31,,,
1048,1063,2021,12,13,Belgian Grand Prix,2021-08-29,,2021-08-27,,2021-08-27,,2021-08-28,,2021-08-28,,,
1049,1064,2021,13,39,Dutch Grand Prix,2021-09-05,,2021-09-03,,2021-09-03,,2021-09-04,,2021-09-04,,,
1050,1065,2021,14,14,Italian Grand Prix,2021-09-12,,2021-09-10,,2021-09-11,,,,2021-09-10,,2021-09-11,
1051,1066,2021,15,71,Russian Grand Prix,2021-09-26,,2021-09-24,,2021-09-24,,2021-09-25,,2021-09-25,,,
1052,1067,2021,16,5,Turkish Grand Prix,2021-10-10,,2021-10-08,,2021-10-08,,2021-10-09,,2021-10-09,,,
1053,1069,2021,17,69,United States Grand Prix,2021-10-24,,2021-10-22,,2021-10-22,,2021-10-23,,2021-10-23,,,
1054,1070,2021,18,32,Mexico City Grand Prix,2021-11-07,,2021-11-05,,2021-11-05,,2021-11-06,,2021-11-06,,,
1055,1071,2021,19,18,So Paulo Grand Prix,2021-11-14,,2021-11-12,,2021-11-13,,,,2021-11-12,,2021-11-13,
1056,1072,2021,21,77,Saudi Arabian Grand Prix,2021-12-05,,2021-12-03,,2021-12-03,,2021-12-04,,2021-12-04,,,
1057,1073,2021,22,24,Abu Dhabi Grand Prix,2021-12-12,,2021-12-10,,2021-12-10,,2021-12-11,,2021-12-11,,,
1058,1075,2022,2,77,Saudi Arabian Grand Prix,2022-03-27,,2022-03-25,,2022-03-25,,2022-03-26,,2022-03-26,,,
1059,1076,2022,3,1,Australian Grand Prix,2022-04-10,,2022-04-08,,2022-04-08,,2022-04-09,,2022-04-09,,,
1060,1077,2022,4,21,Emilia Romagna Grand Prix,2022-04-24,,2022-04-22,,2022-04-23,,,,2022-04-22,,2022-04-23,
1061,1078,2022,5,79,Miami Grand Prix,2022-05-08,,2022-05-06,,2022-05-06,,2022-05-07,,2022-05-07,,,
1062,1079,2022,6,4,Spanish Grand Prix,2022-05-22,,2022-05-20,,2022-05-20,,2022-05-21,,2022-05-21,,,
1063,1080,2022,7,6,Monaco Grand Prix,2022-05-29,,2022-05-27,,2022-05-27,,2022-05-28,,2022-05-28,,,
1064,1081,2022,8,73,Azerbaijan Grand Prix,2022-06-12,,2022-06-10,,2022-06-10,,2022-06-11,,2022-06-11,,,
1065,1082,2022,9,7,Canadian Grand Prix,2022-06-19,,2022-06-17,,2022-06-17,,2022-06-18,,2022-06-18,,,
1066,1083,2022,10,9,British Grand Prix,2022-07-03,,2022-07-01,,2022-07-01,,2022-07-02,,2022-07-02,,,
1067,1084,2022,11,70,Austrian Grand Prix,2022-07-10,,2022-07-08,,2022-07-09,,,,2022-07-08,,2022-07-09,
1068,1085,2022,12,34,French Grand Prix,2022-07-24,,2022-07-22,,2022-07-22,,2022-07-23,,2022-07-23,,,
1069,1086,2022,13,11,Hungarian Grand Prix,2022-07-31,,2022-07-29,,2022-07-29,,2022-07-30,,2022-07-30,,,
1070,1087,2022,14,13,Belgian Grand Prix,2022-08-28,,2022-08-26,,2022-08-26,,2022-08-27,,2022-08-27,,,
1071,1088,2022,15,39,Dutch Grand Prix,2022-09-04,,2022-09-02,,2022-09-02,,2022-09-03,,2022-09-03,,,
1072,1089,2022,16,14,Italian Grand Prix,2022-09-11,,2022-09-09,,2022-09-09,,2022-09-10,,2022-09-10,,,
1073,1091,2022,17,15,Singapore Grand Prix,2022-10-02,,2022-09-30,,2022-09-30,,2022-10-01,,2022-10-01,,,
1074,1092,2022,18,22,Japanese Grand Prix,2022-10-09,,2022-10-07,,2022-10-07,,2022-10-08,,2022-10-08,,,
1075,1093,2022,19,69,United States Grand Prix,2022-10-23,,2022-10-21,,2022-10-21,,2022-10-22,,2022-10-22,,,
1076,1094,2022,20,32,Mexico City Grand Prix,2022-10-30,,2022-10-28,,2022-10-28,,2022-10-29,,2022-10-29,,,
1077,1095,2022,21,18,So Paulo Grand Prix,2022-11-13,,2022-11-11,,2022-11-12,,,,2022-11-11,,2022-11-12,
1078,1096,2022,22,24,Abu Dhabi Grand Prix,2022-11-20,,2022-11-18,,2022-11-18,,2022-11-19,,2022-11-19,,,
1079,1098,2023,1,3,Bahrain Grand Prix,2023-03-05,,2023-03-03,,2023-03-03,,2023-03-04,,2023-03-04,,,
1080,1099,2023,2,77,Saudi Arabian Grand Prix,2023-03-19,,2023-03-17,,2023-03-17,,2023-03-18,,2023-03-18,,,
1081,1100,2023,3,1,Australian Grand Prix,2023-04-02,,2023-03-31,,2023-03-31,,2023-04-01,,2023-04-01,,,
1082,1101,2023,4,73,Azerbaijan Grand Prix,2023-04-30,,2023-04-28,,2023-04-29,,,,2023-04-28,,2023-04-29,
1083,1102,2023,5,79,Miami Grand Prix,2023-05-07,,2023-05-05,,2023-05-05,,2023-05-06,,2023-05-06,,,
1084,1104,2023,6,6,Monaco Grand Prix,2023-05-28,,2023-05-26,,2023-05-26,,2023-05-27,,2023-05-27,,,
1085,1105,2023,7,4,Spanish Grand Prix,2023-06-04,,2023-06-02,,2023-06-02,,2023-06-03,,2023-06-03,,,
1086,1106,2023,8,7,Canadian Grand Prix,2023-06-18,,2023-06-16,,2023-06-16,,2023-06-17,,2023-06-17,,,
1087,1107,2023,9,70,Austrian Grand Prix,2023-07-02,,2023-06-30,,2023-07-01,,,,2023-06-30,,2023-07-01,
1088,1108,2023,10,9,British Grand Prix,2023-07-09,,2023-07-07,,2023-07-07,,2023-07-08,,2023-07-08,,,
1089,1109,2023,11,11,Hungarian Grand Prix,2023-07-23,,2023-07-21,,2023-07-21,,2023-07-22,,2023-07-22,,,
1090,1110,2023,12,13,Belgian Grand Prix,2023-07-30,,2023-07-28,,2023-07-29,,,,2023-07-28,,2023-07-29,
1091,1111,2023,13,39,Dutch Grand Prix,2023-08-27,,2023-08-25,,2023-08-25,,2023-08-26,,2023-08-26,,,
1092,1112,2023,14,14,Italian Grand Prix,2023-09-03,,2023-09-01,,2023-09-01,,2023-09-02,,2023-09-02,,,
1093,1113,2023,15,15,Singapore Grand Prix,2023-09-17,,2023-09-15,,2023-09-15,,2023-09-16,,2023-09-16,,,
1094,1114,2023,16,22,Japanese Grand Prix,2023-09-24,,2023-09-22,,2023-09-22,,2023-09-23,,2023-09-23,,,
1095,1115,2023,17,78,Qatar Grand Prix,2023-10-08,,2023-10-06,,2023-10-07,,,,2023-10-06,,2023-10-07,
1096,1116,2023,18,69,United States Grand Prix,2023-10-22,,2023-10-20,,2023-10-21,,,,2023-10-20,,2023-10-21,
1097,1117,2023,19,32,Mexico City Grand Prix,2023-10-29,,2023-10-27,,2023-10-27,,2023-10-28,,2023-10-28,,,
1098,1118,2023,20,18,So Paulo Grand Prix,2023-11-05,,2023-11-03,,2023-11-04,,,,2023-11-03,,2023-11-04,
1099,1119,2023,21,80,Las Vegas Grand Prix,2023-11-19,,2023-11-16,,2023-11-16,,2023-11-17,,2023-11-17,,,
1100,1120,2023,22,24,Abu Dhabi Grand Prix,2023-11-26,,2023-11-24,,2023-11-24,,2023-11-25,,2023-11-25,,,
1101,1121,2024,1,3,Bahrain Grand Prix,2024-03-02,,2024-02-29,,2024-02-29,,2024-03-01,,2024-03-01,,,
1102,1122,2024,2,77,Saudi Arabian Grand Prix,2024-03-09,,2024-03-07,,2024-03-07,,2024-03-08,,2024-03-08,,,
1103,1123,2024,3,1,Australian Grand Prix,2024-03-24,,2024-03-22,,2024-03-22,,2024-03-23,,2024-03-23,,,
1104,1124,2024,4,22,Japanese Grand Prix,2024-04-07,,2024-04-05,,2024-04-05,,2024-04-06,,2024-04-06,,,
1105,1125,2024,5,17,Chinese Grand Prix,2024-04-21,,2024-04-19,,2024-04-19,,,,2024-04-20,,2024-04-20,
1106,1126,2024,6,79,Miami Grand Prix,2024-05-05,,2024-05-03,,2024-05-03,,,,2024-05-04,,2024-05-04,
1107,1127,2024,7,21,Emilia Romagna Grand Prix,2024-05-19,,2024-05-17,,2024-05-17,,2024-05-18,,2024-05-18,,,
1108,1128,2024,8,6,Monaco Grand Prix,2024-05-26,,2024-05-24,,2024-05-24,,2024-05-25,,2024-05-25,,,
1109,1129,2024,9,7,Canadian Grand Prix,2024-06-09,,2024-06-07,,2024-06-07,,2024-06-08,,2024-06-08,,,
1110,1130,2024,10,4,Spanish Grand Prix,2024-06-23,,2024-06-21,,2024-06-21,,2024-06-22,,2024-06-22,,,
1111,1131,2024,11,70,Austrian Grand Prix,2024-06-30,,2024-06-28,,2024-06-28,,,,2024-06-29,,2024-06-29,
1112,1132,2024,12,9,British Grand Prix,2024-07-07,,2024-07-05,,2024-07-05,,2024-07-06,,2024-07-06,,,
1113,1133,2024,13,11,Hungarian Grand Prix,2024-07-21,,2024-07-19,,2024-07-19,,2024-07-20,,2024-07-20,,,
1114,1134,2024,14,13,Belgian Grand Prix,2024-07-28,,2024-07-26,,2024-07-26,,2024-07-27,,2024-07-27,,,
1115,1135,2024,15,39,Dutch Grand Prix,2024-08-25,,2024-08-23,,2024-08-23,,2024-08-24,,2024-08-24,,,
1116,1136,2024,16,14,Italian Grand Prix,2024-09-01,,2024-08-30,,2024-08-30,,2024-08-31,,2024-08-31,,,
1117,1137,2024,17,73,Azerbaijan Grand Prix,2024-09-15,,2024-09-13,,2024-09-13,,2024-09-14,,2024-09-14,,,
1118,1138,2024,18,15,Singapore Grand Prix,2024-09-22,,2024-09-20,,2024-09-20,,2024-09-21,,2024-09-21,,,
1119,1139,2024,19,69,United States Grand Prix,2024-10-20,,2024-10-18,,2024-10-18,,,,2024-10-19,,2024-10-19,
1120,1140,2024,20,32,Mexico City Grand Prix,2024-10-27,,2024-10-25,,2024-10-25,,2024-10-26,,2024-10-26,,,
1121,1141,2024,21,18,So Paulo Grand Prix,2024-11-03,,2024-11-01,,2024-11-01,,,,2024-11-02,,2024-11-02,
1122,1142,2024,22,80,Las Vegas Grand Prix,2024-11-23,,2024-11-21,,2024-11-21,,2024-11-22,,2024-11-22,,,
1123,1143,2024,23,78,Qatar Grand Prix,2024-12-01,,2024-11-29,,2024-11-29,,,,2024-11-30,,2024-11-30,
1124,1144,2024,24,24,Abu Dhabi Grand Prix,2024-12-08,,2024-12-06,,2024-12-06,,2024-12-07,,2024-12-07,,,
